Indicator,S.No.,Parameters,Type,_Bagalkote_Total,_Bagalkote_Public,_Bagalkote_Private,_Bagalkote_Urban,_Bagalkote_Rural,Badami_Total,Badami_Public,Badami_Private,Badami_Urban,Badami_Rural,Bagalkot_Total,Bagalkot_Public,Bagalkot_Private,Bagalkot_Urban,Bagalkot_Rural,Bilagi_Total,Bilagi_Public,Bilagi_Private,Bilagi_Urban,Bilagi_Rural,Hunagund_Total,Hunagund_Public,Hunagund_Private,Hunagund_Urban,Hunagund_Rural,Jamakhandi_Total,Jamakhandi_Public,Jamakhandi_Private,Jamakhandi_Urban,Jamakhandi_Rural,Mudhole_Total,Mudhole_Public,Mudhole_Private,Mudhole_Urban,Mudhole_Rural
M1 [Ante Natal Care (ANC)],'1.1',Total number of pregnant women registered for ANC,TOTAL,22499.0,22499.0,0.0,3358.0,19141.0,3818.0,3818.0,0.0,0.0,3818.0,3252.0,3252.0,0.0,975.0,2277.0,1953.0,1953.0,0.0,0.0,1953.0,3751.0,3751.0,0.0,351.0,3400.0,5710.0,5710.0,0.0,1528.0,4182.0,4015.0,4015.0,0.0,504.0,3511.0
M1 [Ante Natal Care (ANC)],'1.1.1',"Out of the total ANC registered, number registered within 1st trimester (within 12 weeks)",TOTAL,17818.0,17818.0,0.0,2535.0,15283.0,2958.0,2958.0,0.0,0.0,2958.0,2951.0,2951.0,0.0,876.0,2075.0,1784.0,1784.0,0.0,0.0,1784.0,2782.0,2782.0,0.0,231.0,2551.0,4276.0,4276.0,0.0,1104.0,3172.0,3067.0,3067.0,0.0,324.0,2743.0
M1 [Ante Natal Care (ANC)],'1.2.1',Number of PW given TT1,TOTAL,14662.0,14543.0,119.0,2475.0,12187.0,2313.0,2313.0,0.0,0.0,2313.0,2258.0,2139.0,119.0,756.0,1502.0,1139.0,1139.0,0.0,0.0,1139.0,2633.0,2633.0,0.0,345.0,2288.0,3717.0,3717.0,0.0,1148.0,2569.0,2602.0,2602.0,0.0,226.0,2376.0
M1 [Ante Natal Care (ANC)],'1.2.2',Number of PW given TT2,TOTAL,13969.0,13856.0,113.0,2421.0,11548.0,2425.0,2425.0,0.0,0.0,2425.0,2039.0,1926.0,113.0,713.0,1326.0,958.0,958.0,0.0,0.0,958.0,2561.0,2561.0,0.0,349.0,2212.0,3669.0,3669.0,0.0,1061.0,2608.0,2317.0,2317.0,0.0,298.0,2019.0
M1 [Ante Natal Care (ANC)],'1.2.3',Number of PW given TT Booster,TOTAL,8190.0,8188.0,2.0,1048.0,7142.0,1273.0,1273.0,0.0,0.0,1273.0,1436.0,1434.0,2.0,371.0,1065.0,847.0,847.0,0.0,0.0,847.0,1392.0,1392.0,0.0,107.0,1285.0,1841.0,1841.0,0.0,339.0,1502.0,1401.0,1401.0,0.0,231.0,1170.0
M1 [Ante Natal Care (ANC)],'1.2.4',Number of PW given 180 Iron Folic Acid (IFA) tablets,TOTAL,16680.0,15571.0,1109.0,4221.0,12459.0,2251.0,2251.0,0.0,0.0,2251.0,2718.0,2718.0,0.0,531.0,2187.0,796.0,796.0,0.0,0.0,796.0,3259.0,3199.0,60.0,324.0,2935.0,5003.0,5003.0,0.0,2120.0,2883.0,2653.0,1604.0,1049.0,1246.0,1407.0
M1 [Ante Natal Care (ANC)],'1.2.5',Number of PW given 360 Calcium tablets,TOTAL,16441.0,15155.0,1286.0,5429.0,11012.0,1976.0,1976.0,0.0,0.0,1976.0,2987.0,2987.0,0.0,568.0,2419.0,358.0,358.0,0.0,0.0,358.0,2828.0,2778.0,50.0,163.0,2665.0,5743.0,5743.0,0.0,3322.0,2421.0,2549.0,1313.0,1236.0,1376.0,1173.0
M1 [Ante Natal Care (ANC)],'1.2.6',Number of PW given one Albendazole tablet after 1st trimester,TOTAL,8489.0,8439.0,50.0,1636.0,6853.0,1697.0,1697.0,0.0,0.0,1697.0,1798.0,1798.0,0.0,568.0,1230.0,522.0,522.0,0.0,0.0,522.0,1683.0,1633.0,50.0,197.0,1486.0,2064.0,2064.0,0.0,851.0,1213.0,725.0,725.0,0.0,20.0,705.0
M1 [Ante Natal Care (ANC)],'1.2.7',Number of PW received 4 or more ANC check ups,TOTAL,20611.0,17379.0,3232.0,5475.0,15136.0,3299.0,3299.0,0.0,0.0,3299.0,3862.0,3862.0,0.0,825.0,3037.0,2323.0,2323.0,0.0,0.0,2323.0,2199.0,2149.0,50.0,141.0,2058.0,4030.0,4030.0,0.0,712.0,3318.0,4898.0,1716.0,3182.0,3797.0,1101.0
M1 [Ante Natal Care (ANC)],'1.2.8',Number of PW given ANC Corticosteroids in Pre Term Labour,TOTAL,28.0,3.0,25.0,25.0,3.0,0.0,0.0,0.0,0.0,0.0,1.0,1.0,0.0,0.0,1.0,0.0,0.0,0.0,0.0,0.0,27.0,2.0,25.0,25.0,2.0,0.0,0.0,0.0,0.0,0.0,0.0,0.0,0.0,0.0,0.0
M1 [Ante Natal Care (ANC)],'1.3.1',New cases of PW with hypertension detected,TOTAL,411.0,319.0,92.0,95.0,316.0,91.0,91.0,0.0,0.0,91.0,194.0,194.0,0.0,0.0,194.0,0.0,0.0,0.0,0.0,0.0,112.0,20.0,92.0,92.0,20.0,12.0,12.0,0.0,3.0,9.0,2.0,2.0,0.0,0.0,2.0
M1 [Ante Natal Care (ANC)],'1.3.1.a',"Out of the new cases of PW with hypertension detected, cases managed at institution",TOTAL,196.0,159.0,37.0,43.0,153.0,23.0,23.0,0.0,0.0,23.0,107.0,107.0,0.0,0.0,107.0,0.0,0.0,0.0,0.0,0.0,44.0,7.0,37.0,37.0,7.0,21.0,21.0,0.0,6.0,15.0,1.0,1.0,0.0,0.0,1.0
M1 [Ante Natal Care (ANC)],'1.3.2',Number of Eclampsia cases managed during delivery,TOTAL,92.0,84.0,8.0,8.0,84.0,5.0,5.0,0.0,0.0,5.0,78.0,78.0,0.0,0.0,78.0,0.0,0.0,0.0,0.0,0.0,9.0,1.0,8.0,8.0,1.0,0.0,0.0,0.0,0.0,0.0,0.0,0.0,0.0,0.0,0.0
M1 [Ante Natal Care (ANC)],'1.4.1',Number of PW tested for Haemoglobin (Hb ) 4 or more than 4 times for respective ANCs,TOTAL,21648.0,18795.0,2853.0,10498.0,11150.0,3635.0,3635.0,0.0,0.0,3635.0,1409.0,1409.0,0.0,137.0,1272.0,190.0,190.0,0.0,0.0,190.0,5520.0,5237.0,283.0,3438.0,2082.0,6024.0,6024.0,0.0,3714.0,2310.0,4870.0,2300.0,2570.0,3209.0,1661.0
M1 [Ante Natal Care (ANC)],'1.4.2',Number of PW having Hb level<11 (tested cases)(7.1 to 10.9),TOTAL,25101.0,22076.0,3025.0,7598.0,17503.0,2606.0,2606.0,0.0,0.0,2606.0,1803.0,1803.0,0.0,209.0,1594.0,4009.0,4009.0,0.0,0.0,4009.0,5654.0,5389.0,265.0,1211.0,4443.0,6090.0,6090.0,0.0,2837.0,3253.0,4939.0,2179.0,2760.0,3341.0,1598.0
M1 [Ante Natal Care (ANC)],'1.4.3',Number of PW having Hb level<7 (tested cases),TOTAL,1100.0,853.0,247.0,495.0,605.0,187.0,187.0,0.0,0.0,187.0,113.0,113.0,0.0,0.0,113.0,58.0,58.0,0.0,0.0,58.0,315.0,156.0,159.0,194.0,121.0,190.0,190.0,0.0,155.0,35.0,237.0,149.0,88.0,146.0,91.0
M1 [Ante Natal Care (ANC)],'1.4.4',Number of PW having severe anaemia (Hb<7) treated,TOTAL,992.0,876.0,116.0,260.0,732.0,185.0,185.0,0.0,0.0,185.0,383.0,383.0,0.0,0.0,383.0,31.0,31.0,0.0,0.0,31.0,194.0,96.0,98.0,113.0,81.0,153.0,153.0,0.0,129.0,24.0,46.0,28.0,18.0,18.0,28.0
M1 [Ante Natal Care (ANC)],'1.5.1',Number of PW tested for blood sugar using OGTT (Oral Glucose Tolerance Test),TOTAL,804.0,804.0,0.0,42.0,762.0,21.0,21.0,0.0,0.0,21.0,42.0,42.0,0.0,42.0,0.0,146.0,146.0,0.0,0.0,146.0,595.0,595.0,0.0,0.0,595.0,0.0,0.0,0.0,0.0,0.0,0.0,0.0,0.0,0.0,0.0
M1 [Ante Natal Care (ANC)],'1.5.2',Number of PW tested positive for GDM,TOTAL,0.0,0.0,0.0,0.0,0.0,0.0,0.0,0.0,0.0,0.0,0.0,0.0,0.0,0.0,0.0,0.0,0.0,0.0,0.0,0.0,0.0,0.0,0.0,0.0,0.0,0.0,0.0,0.0,0.0,0.0,0.0,0.0,0.0,0.0,0.0
M1 [Ante Natal Care (ANC)],'1.5.3',Number of PW given insulin out of total tested positive for GDM,TOTAL,0.0,0.0,0.0,0.0,0.0,0.0,0.0,0.0,0.0,0.0,0.0,0.0,0.0,0.0,0.0,0.0,0.0,0.0,0.0,0.0,0.0,0.0,0.0,0.0,0.0,0.0,0.0,0.0,0.0,0.0,0.0,0.0,0.0,0.0,0.0
M1 [Ante Natal Care (ANC)],'1.6.1.a',Number of PW tested using POC test for Syphilis,TOTAL,0.0,0.0,,,0.0,0.0,0.0,,,0.0,0.0,0.0,,,0.0,0.0,0.0,,,0.0,0.0,0.0,,,0.0,0.0,0.0,,,0.0,0.0,0.0,,,0.0
M1 [Ante Natal Care (ANC)],'1.6.1.b',"Out of above, number of PW found sero positive for syphilis",TOTAL,0.0,0.0,,,0.0,0.0,0.0,,,0.0,0.0,0.0,,,0.0,0.0,0.0,,,0.0,0.0,0.0,,,0.0,0.0,0.0,,,0.0,0.0,0.0,,,0.0
M1 [Ante Natal Care (ANC)],'1.6.2.a',Number of pregnant women tested for Syphilis,TOTAL,10810.0,10611.0,199.0,4690.0,6120.0,203.0,203.0,0.0,0.0,203.0,113.0,113.0,0.0,0.0,113.0,215.0,215.0,0.0,0.0,215.0,2826.0,2627.0,199.0,744.0,2082.0,5978.0,5978.0,0.0,3946.0,2032.0,1475.0,1475.0,0.0,0.0,1475.0
M1 [Ante Natal Care (ANC)],'1.6.2.b',Number of pregnant women tested found sero positive for Syphilis,TOTAL,0.0,0.0,0.0,0.0,0.0,0.0,0.0,0.0,0.0,0.0,0.0,0.0,0.0,0.0,0.0,0.0,0.0,0.0,0.0,0.0,0.0,0.0,0.0,0.0,0.0,0.0,0.0,0.0,0.0,0.0,0.0,0.0,0.0,0.0,0.0
M1 [Ante Natal Care (ANC)],'1.6.2.c',Number of syphilis positive pregnant women treated for Syphilis,TOTAL,0.0,0.0,0.0,0.0,0.0,0.0,0.0,0.0,0.0,0.0,0.0,0.0,0.0,0.0,0.0,0.0,0.0,0.0,0.0,0.0,0.0,0.0,0.0,0.0,0.0,0.0,0.0,0.0,0.0,0.0,0.0,0.0,0.0,0.0,0.0
M1 [Ante Natal Care (ANC)],'1.6.2.d',Number of babies diagnosed with Congenital Syphilis,TOTAL,0.0,0.0,0.0,0.0,0.0,0.0,0.0,0.0,0.0,0.0,0.0,0.0,0.0,0.0,0.0,0.0,0.0,0.0,0.0,0.0,0.0,0.0,0.0,0.0,0.0,0.0,0.0,0.0,0.0,0.0,0.0,0.0,0.0,0.0,0.0
M1 [Ante Natal Care (ANC)],'1.6.2.e',Number of babies treated for congenital Syphilis,TOTAL,0.0,0.0,0.0,0.0,0.0,0.0,0.0,0.0,0.0,0.0,0.0,0.0,0.0,0.0,0.0,0.0,0.0,0.0,0.0,0.0,0.0,0.0,0.0,0.0,0.0,0.0,0.0,0.0,0.0,0.0,0.0,0.0,0.0,0.0,0.0
M2 [Deliveries],'2.1.1.a',Number of Home Deliveries attended by Skill Birth Attendant(SBA) (Doctor/Nurse/ANM),TOTAL,3.0,3.0,,0.0,3.0,0.0,0.0,,,0.0,0.0,0.0,,0.0,0.0,2.0,2.0,,,2.0,1.0,1.0,,0.0,1.0,0.0,0.0,,0.0,0.0,0.0,0.0,,0.0,0.0
M2 [Deliveries],'2.1.1.b',Number of Home Deliveries attended by Non SBA (Trained Birth Attendant(TBA) /Relatives/etc.),TOTAL,0.0,0.0,,0.0,0.0,0.0,0.0,,,0.0,0.0,0.0,,0.0,0.0,0.0,0.0,,,0.0,0.0,0.0,,0.0,0.0,0.0,0.0,,0.0,0.0,0.0,0.0,,0.0,0.0
M2 [Deliveries],'2.1.2',Number of PW given Tablet Misoprostol during home delivery,TOTAL,0.0,0.0,,0.0,0.0,0.0,0.0,,,0.0,0.0,0.0,,0.0,0.0,0.0,0.0,,,0.0,0.0,0.0,,0.0,0.0,0.0,0.0,,0.0,0.0,0.0,0.0,,0.0,0.0
M2 [Deliveries],'2.1.3',Number of newborns received 7 Home Based Newborn Care (HBNC) visits in case of Home delivery,TOTAL,3.0,3.0,,0.0,3.0,0.0,0.0,,,0.0,0.0,0.0,,0.0,0.0,2.0,2.0,,,2.0,1.0,1.0,,0.0,1.0,0.0,0.0,,0.0,0.0,0.0,0.0,,0.0,0.0
M2 [Deliveries],'2.2',Number of Institutional Deliveries conducted (Including C-Sections),TOTAL,22625.0,10843.0,11782.0,14567.0,8058.0,3481.0,2193.0,1288.0,1288.0,2193.0,6617.0,2591.0,4026.0,4083.0,2534.0,697.0,584.0,113.0,113.0,584.0,3003.0,1279.0,1724.0,1907.0,1096.0,5155.0,2388.0,2767.0,4429.0,726.0,3672.0,1808.0,1864.0,2747.0,925.0
M2 [Deliveries],'2.2.1',Out of total institutional deliveries number of women discharged within 48 hours of delivery,TOTAL,7.0,7.0,0.0,0.0,7.0,0.0,0.0,0.0,0.0,0.0,0.0,0.0,0.0,0.0,0.0,0.0,0.0,0.0,0.0,0.0,0.0,0.0,0.0,0.0,0.0,7.0,7.0,0.0,0.0,7.0,0.0,0.0,0.0,0.0,0.0
M2 [Deliveries],'2.2.2',Number of newborns received 6 HBNC  visits after Institutional Delivery,TOTAL,6058.0,3460.0,2598.0,3333.0,2725.0,507.0,507.0,0.0,0.0,507.0,164.0,164.0,0.0,0.0,164.0,831.0,809.0,22.0,22.0,809.0,1093.0,679.0,414.0,414.0,679.0,2770.0,1280.0,1490.0,2225.0,545.0,693.0,21.0,672.0,672.0,21.0
M3 [Number of Caesarean (C-Section) deliveries],'3.1',Total C -Section deliveries performed,TOTAL,6890.0,1677.0,5213.0,5645.0,1245.0,952.0,330.0,622.0,622.0,330.0,1939.0,609.0,1330.0,1356.0,583.0,43.0,43.0,0.0,0.0,43.0,904.0,239.0,665.0,665.0,239.0,1731.0,325.0,1406.0,1731.0,0.0,1321.0,131.0,1190.0,1271.0,50.0
M3 [Number of Caesarean (C-Section) deliveries],'3.1.1',"C-sections, performed at night (8 PM- 8 AM)",TOTAL,773.0,324.0,449.0,508.0,265.0,160.0,75.0,85.0,85.0,75.0,149.0,149.0,0.0,7.0,142.0,0.0,0.0,0.0,0.0,0.0,192.0,39.0,153.0,153.0,39.0,121.0,47.0,74.0,121.0,0.0,151.0,14.0,137.0,142.0,9.0
M4 [Pregnancy outcome & details of new-born],'4.1.1.a',Live Birth - Male,TOTAL,11539.0,5564.0,5975.0,7396.0,4143.0,1763.0,1122.0,641.0,641.0,1122.0,3389.0,1391.0,1998.0,2038.0,1351.0,359.0,300.0,59.0,59.0,300.0,1543.0,645.0,898.0,982.0,561.0,2732.0,1227.0,1505.0,2373.0,359.0,1753.0,879.0,874.0,1303.0,450.0
M4 [Pregnancy outcome & details of new-born],'4.1.1.b',Live Birth - Female,TOTAL,10992.0,5252.0,5740.0,7098.0,3894.0,1690.0,1053.0,637.0,637.0,1053.0,3206.0,1197.0,2009.0,2025.0,1181.0,339.0,285.0,54.0,54.0,285.0,1423.0,632.0,791.0,889.0,534.0,2415.0,1156.0,1259.0,2049.0,366.0,1919.0,929.0,990.0,1444.0,475.0
M4 [Pregnancy outcome & details of new-born],'4.1.2',Number of Pre term newborns ( < 37 weeks of pregnancy),TOTAL,65.0,44.0,21.0,29.0,36.0,0.0,0.0,0.0,0.0,0.0,19.0,19.0,0.0,0.0,19.0,1.0,1.0,0.0,0.0,1.0,36.0,15.0,21.0,24.0,12.0,8.0,8.0,0.0,5.0,3.0,1.0,1.0,0.0,0.0,1.0
M4 [Pregnancy outcome & details of new-born],'4.1.3',Still Birth,TOTAL,121.0,53.0,68.0,77.0,44.0,33.0,23.0,10.0,10.0,23.0,29.0,10.0,19.0,20.0,9.0,1.0,1.0,0.0,0.0,1.0,46.0,10.0,36.0,37.0,9.0,9.0,6.0,3.0,8.0,1.0,3.0,3.0,0.0,2.0,1.0
M4 [Pregnancy outcome & details of new-born],'4.2',Abortion (spontaneous),TOTAL,227.0,187.0,40.0,42.0,185.0,23.0,23.0,0.0,0.0,23.0,84.0,66.0,18.0,19.0,65.0,14.0,14.0,0.0,0.0,14.0,62.0,40.0,22.0,22.0,40.0,44.0,44.0,0.0,1.0,43.0,0.0,0.0,0.0,0.0,0.0
M4 [Pregnancy outcome & details of new-born],'4.3.1.a',MTP up to 12 weeks of pregnancy,TOTAL,101.0,57.0,44.0,59.0,42.0,0.0,0.0,0.0,0.0,0.0,14.0,14.0,0.0,0.0,14.0,0.0,0.0,0.0,0.0,0.0,72.0,28.0,44.0,44.0,28.0,15.0,15.0,0.0,15.0,0.0,0.0,0.0,0.0,0.0,0.0
M4 [Pregnancy outcome & details of new-born],'4.3.1.b',MTP more than 12 weeks of pregnancy,TOTAL,43.0,22.0,21.0,21.0,22.0,6.0,6.0,0.0,0.0,6.0,2.0,2.0,0.0,0.0,2.0,1.0,1.0,0.0,0.0,1.0,34.0,13.0,21.0,21.0,13.0,0.0,0.0,0.0,0.0,0.0,0.0,0.0,0.0,0.0,0.0
M4 [Pregnancy outcome & details of new-born],'4.3.2.a',Post Abortion/ MTP Complications Identified,TOTAL,3.0,0.0,3.0,3.0,0.0,0.0,0.0,0.0,0.0,0.0,0.0,0.0,0.0,0.0,0.0,0.0,0.0,0.0,0.0,0.0,3.0,0.0,3.0,3.0,0.0,0.0,0.0,0.0,0.0,0.0,0.0,0.0,0.0,0.0,0.0
M4 [Pregnancy outcome & details of new-born],'4.3.2.b',Post Abortion/ MTP Complications Treated,TOTAL,3.0,0.0,3.0,3.0,0.0,0.0,0.0,0.0,0.0,0.0,0.0,0.0,0.0,0.0,0.0,0.0,0.0,0.0,0.0,0.0,3.0,0.0,3.0,3.0,0.0,0.0,0.0,0.0,0.0,0.0,0.0,0.0,0.0,0.0,0.0
M4 [Pregnancy outcome & details of new-born],'4.3.3',Number of women provided with post abortion/ MTP contraception,TOTAL,13.0,6.0,7.0,7.0,6.0,0.0,0.0,0.0,0.0,0.0,6.0,6.0,0.0,0.0,6.0,0.0,0.0,0.0,0.0,0.0,7.0,0.0,7.0,7.0,0.0,0.0,0.0,0.0,0.0,0.0,0.0,0.0,0.0,0.0,0.0
M4 [Pregnancy outcome & details of new-born],'4.4.1',Number of newborns weighed at birth,TOTAL,22324.0,10596.0,11728.0,14503.0,7821.0,3453.0,2175.0,1278.0,1278.0,2175.0,6379.0,2372.0,4007.0,4063.0,2316.0,698.0,585.0,113.0,113.0,585.0,2979.0,1277.0,1702.0,1883.0,1096.0,5144.0,2380.0,2764.0,4419.0,725.0,3671.0,1807.0,1864.0,2747.0,924.0
M4 [Pregnancy outcome & details of new-born],'4.4.2',Number of newborns having weight less than 2.5 kg,TOTAL,1654.0,1012.0,642.0,894.0,760.0,113.0,97.0,16.0,16.0,97.0,777.0,432.0,345.0,350.0,427.0,46.0,46.0,0.0,0.0,46.0,225.0,106.0,119.0,149.0,76.0,255.0,191.0,64.0,221.0,34.0,238.0,140.0,98.0,158.0,80.0
M4 [Pregnancy outcome & details of new-born],'4.4.3',Number of Newborns breast fed within 1 hour of birth ,TOTAL,22318.0,10601.0,11717.0,14492.0,7826.0,3453.0,2175.0,1278.0,1278.0,2175.0,6397.0,2390.0,4007.0,4063.0,2334.0,693.0,580.0,113.0,113.0,580.0,2964.0,1273.0,1691.0,1872.0,1092.0,5142.0,2378.0,2764.0,4419.0,723.0,3669.0,1805.0,1864.0,2747.0,922.0
M5 [Complicated Pregnancies],'5.1',"Number of cases of pregnant women with Obstetric Complications attended (Antepartum haemorrhage (APH), Post-Partum Hemorrhage (PPH), Sepsis, Eclampsia and others)",TOTAL,786.0,762.0,24.0,27.0,759.0,0.0,0.0,0.0,0.0,0.0,748.0,748.0,0.0,0.0,748.0,0.0,0.0,0.0,0.0,0.0,35.0,11.0,24.0,24.0,11.0,3.0,3.0,0.0,3.0,0.0,0.0,0.0,0.0,0.0,0.0
M5 [Complicated Pregnancies],'5.2',Number of Complicated pregnancies treated with Blood Transfusion,TOTAL,351.0,326.0,25.0,37.0,314.0,0.0,0.0,0.0,0.0,0.0,312.0,312.0,0.0,0.0,312.0,0.0,0.0,0.0,0.0,0.0,27.0,2.0,25.0,25.0,2.0,12.0,12.0,0.0,12.0,,0.0,0.0,0.0,0.0,0.0
M6 [Post Natal Care (PNC)],'6.1',Women receiving 1st post partum checkup within 48 hours of home delivery,TOTAL,3.0,3.0,0.0,0.0,3.0,0.0,0.0,0.0,0.0,0.0,0.0,0.0,0.0,0.0,0.0,2.0,2.0,0.0,0.0,2.0,1.0,1.0,0.0,0.0,1.0,0.0,0.0,0.0,0.0,0.0,0.0,0.0,0.0,0.0,0.0
M6 [Post Natal Care (PNC)],'6.2',Women receiving 1st post partum checkup between 48 hours and 14 days,TOTAL,11423.0,8687.0,2736.0,5003.0,6420.0,28.0,28.0,0.0,0.0,28.0,672.0,672.0,0.0,12.0,660.0,1401.0,1401.0,0.0,0.0,1401.0,1533.0,1472.0,61.0,199.0,1334.0,7145.0,4470.0,2675.0,4481.0,2664.0,644.0,644.0,0.0,311.0,333.0
M6 [Post Natal Care (PNC)],'6.3',Number of mothers provided full course of 180 IFA tablets after delivery,TOTAL,7683.0,6252.0,1431.0,2683.0,5000.0,348.0,348.0,0.0,0.0,348.0,1671.0,1671.0,0.0,10.0,1661.0,210.0,210.0,0.0,0.0,210.0,1108.0,949.0,159.0,184.0,924.0,3557.0,2460.0,1097.0,2003.0,1554.0,789.0,614.0,175.0,486.0,303.0
M6 [Post Natal Care (PNC)],'6.4',Number of mothers provided 360 Calcium tablets after delivery,TOTAL,7054.0,5684.0,1370.0,2499.0,4555.0,238.0,238.0,0.0,0.0,238.0,1743.0,1743.0,0.0,10.0,1733.0,102.0,102.0,0.0,0.0,102.0,1101.0,1003.0,98.0,123.0,978.0,3049.0,1952.0,1097.0,1880.0,1169.0,821.0,646.0,175.0,486.0,335.0
M7 [Reproductive Tract Infections/Sexually Transmitted Infections (RTI/STI) Cases],'7.1.1',New RTI/STI cases identified - Male,TOTAL,3127.0,3093.0,34.0,972.0,2155.0,350.0,350.0,0.0,0.0,350.0,1047.0,1047.0,0.0,45.0,1002.0,140.0,140.0,0.0,0.0,140.0,273.0,239.0,34.0,34.0,239.0,1014.0,1014.0,0.0,702.0,312.0,303.0,303.0,0.0,191.0,112.0
M7 [Reproductive Tract Infections/Sexually Transmitted Infections (RTI/STI) Cases],'7.1.2',New RTI/STI cases identified - Female,TOTAL,6783.0,6738.0,45.0,2722.0,4061.0,700.0,700.0,0.0,0.0,700.0,2355.0,2355.0,0.0,43.0,2312.0,199.0,199.0,0.0,0.0,199.0,381.0,336.0,45.0,45.0,336.0,2200.0,2200.0,0.0,1858.0,342.0,948.0,948.0,0.0,776.0,172.0
M7 [Reproductive Tract Infections/Sexually Transmitted Infections (RTI/STI) Cases],'7.2.1',RTI/STI for which treatment initiated - Male,TOTAL,2737.0,2735.0,2.0,794.0,1943.0,350.0,350.0,0.0,0.0,350.0,945.0,945.0,0.0,45.0,900.0,140.0,140.0,0.0,0.0,140.0,226.0,224.0,2.0,2.0,224.0,967.0,967.0,0.0,702.0,265.0,109.0,109.0,0.0,45.0,64.0
M7 [Reproductive Tract Infections/Sexually Transmitted Infections (RTI/STI) Cases],'7.2.2',RTI/STI for which treatment initiated -Female,TOTAL,6216.0,6216.0,0.0,2327.0,3889.0,700.0,700.0,0.0,0.0,700.0,2303.0,2303.0,0.0,43.0,2260.0,199.0,199.0,0.0,0.0,199.0,310.0,310.0,0.0,0.0,310.0,2156.0,2156.0,0.0,1858.0,298.0,548.0,548.0,0.0,426.0,122.0
M8 [Family Planning],'8.1.1',Number of Non Scalpel Vasectomy (NSV) / Conventional Vasectomy conducted,TOTAL,2.0,2.0,0.0,0.0,2.0,0.0,0.0,0.0,0.0,0.0,0.0,0.0,0.0,0.0,0.0,0.0,0.0,0.0,0.0,0.0,2.0,2.0,0.0,0.0,2.0,0.0,0.0,0.0,0.0,0.0,0.0,0.0,0.0,0.0,0.0
M8 [Family Planning],'8.2.1',Number of Laparoscopic sterilizations (excluding post abortion) conducted,TOTAL,2960.0,678.0,2282.0,2632.0,328.0,458.0,208.0,250.0,250.0,208.0,337.0,58.0,279.0,337.0,0.0,255.0,19.0,236.0,236.0,19.0,1095.0,135.0,960.0,994.0,101.0,379.0,152.0,227.0,379.0,0.0,436.0,106.0,330.0,436.0,0.0
M8 [Family Planning],'8.2.2',Number of Interval Mini-lap (other than post-partum and post abortion) sterilizations conducted,TOTAL,6489.0,2057.0,4432.0,5161.0,1328.0,1526.0,486.0,1040.0,1040.0,486.0,1227.0,505.0,722.0,817.0,410.0,583.0,258.0,325.0,325.0,258.0,705.0,29.0,676.0,676.0,29.0,1558.0,579.0,979.0,1558.0,0.0,890.0,200.0,690.0,745.0,145.0
M8 [Family Planning],'8.2.3',Number of Postpartum sterilizations (within 7 days of delivery by minilap or concurrent with caesarean section) conducted,TOTAL,1178.0,343.0,835.0,925.0,253.0,180.0,125.0,55.0,55.0,125.0,213.0,77.0,136.0,144.0,69.0,0.0,0.0,0.0,0.0,0.0,528.0,51.0,477.0,477.0,51.0,199.0,42.0,157.0,199.0,0.0,58.0,48.0,10.0,50.0,8.0
M8 [Family Planning],'8.2.4',Number of Post Abortion sterilizations (within 7 days of spontaneous or surgical abortion) conducted,TOTAL,5.0,5.0,0.0,1.0,4.0,0.0,0.0,0.0,0.0,0.0,1.0,1.0,0.0,1.0,0.0,0.0,0.0,0.0,0.0,0.0,0.0,0.0,0.0,0.0,0.0,0.0,0.0,0.0,0.0,0.0,4.0,4.0,0.0,0.0,4.0
M8 [Family Planning],'8.3',Number of Interval IUCD Insertions (excluding PPIUCD and PAIUCD),TOTAL,2279.0,1932.0,347.0,670.0,1609.0,609.0,470.0,139.0,139.0,470.0,547.0,486.0,61.0,135.0,412.0,162.0,160.0,2.0,2.0,160.0,377.0,377.0,0.0,13.0,364.0,456.0,381.0,75.0,311.0,145.0,128.0,58.0,70.0,70.0,58.0
M8 [Family Planning],'8.4',Number of Postpartum (within 48 hours of delivery) IUCD insertions,TOTAL,1402.0,1137.0,265.0,554.0,848.0,189.0,179.0,10.0,10.0,179.0,408.0,407.0,1.0,3.0,405.0,105.0,90.0,15.0,15.0,90.0,179.0,118.0,61.0,61.0,118.0,266.0,176.0,90.0,265.0,1.0,255.0,167.0,88.0,200.0,55.0
M8 [Family Planning],'8.5',Number of Post Abortion (within 12 days of spontaneous or surgical abortion) IUCD insertions,TOTAL,6.0,4.0,2.0,2.0,4.0,2.0,2.0,0.0,0.0,2.0,2.0,2.0,0.0,0.0,2.0,0.0,0.0,0.0,0.0,0.0,2.0,0.0,2.0,2.0,0.0,0.0,0.0,0.0,0.0,0.0,0.0,0.0,0.0,0.0,0.0
M8 [Family Planning],'8.6',Number of IUCD Removals,TOTAL,486.0,480.0,6.0,46.0,440.0,130.0,130.0,0.0,0.0,130.0,60.0,58.0,2.0,26.0,34.0,64.0,64.0,0.0,0.0,64.0,137.0,133.0,4.0,4.0,133.0,40.0,40.0,0.0,5.0,35.0,55.0,55.0,0.0,11.0,44.0
M8 [Family Planning],'8.7',Number of complications following IUCD Insertion,TOTAL,48.0,46.0,2.0,7.0,41.0,0.0,0.0,0.0,0.0,0.0,9.0,9.0,0.0,0.0,9.0,0.0,0.0,0.0,0.0,0.0,2.0,0.0,2.0,2.0,0.0,25.0,25.0,0.0,1.0,24.0,12.0,12.0,0.0,4.0,8.0
M8 [Family Planning],'8.8',Injectable Contraceptive-Antara Program- First Dose,TOTAL,220.0,219.0,1.0,82.0,138.0,35.0,35.0,0.0,0.0,35.0,72.0,72.0,0.0,0.0,72.0,24.0,24.0,0.0,0.0,24.0,8.0,7.0,1.0,1.0,7.0,31.0,31.0,0.0,31.0,0.0,50.0,50.0,0.0,50.0,0.0
M8 [Family Planning],'8.9',Injectable Contraceptive-Antara Program- Second Dose,TOTAL,91.0,81.0,10.0,39.0,52.0,11.0,11.0,0.0,0.0,11.0,16.0,16.0,0.0,0.0,16.0,18.0,18.0,0.0,0.0,18.0,17.0,7.0,10.0,10.0,7.0,7.0,7.0,0.0,7.0,0.0,22.0,22.0,0.0,22.0,0.0
M8 [Family Planning],'8.10',Injectable Contraceptive-Antara Program- Third Dose,TOTAL,43.0,43.0,0.0,16.0,27.0,7.0,7.0,0.0,0.0,7.0,10.0,10.0,0.0,0.0,10.0,9.0,9.0,0.0,0.0,9.0,1.0,1.0,0.0,0.0,1.0,2.0,2.0,0.0,2.0,0.0,14.0,14.0,0.0,14.0,0.0
M8 [Family Planning],'8.11',Injectable Contraceptive-Antara Program- Fourth or more than fourth,TOTAL,47.0,47.0,0.0,2.0,45.0,1.0,1.0,0.0,0.0,1.0,12.0,12.0,0.0,0.0,12.0,32.0,32.0,0.0,0.0,32.0,0.0,0.0,0.0,0.0,0.0,0.0,0.0,0.0,0.0,0.0,2.0,2.0,0.0,2.0,0.0
M8 [Family Planning],'8.12',Number of Combined Oral Pill cycles distributed,TOTAL,40410.0,39581.0,829.0,5837.0,34573.0,7849.0,7332.0,517.0,517.0,7332.0,8448.0,8248.0,200.0,2314.0,6134.0,3761.0,3659.0,102.0,102.0,3659.0,7513.0,7503.0,10.0,824.0,6689.0,9216.0,9216.0,0.0,1783.0,7433.0,3623.0,3623.0,0.0,297.0,3326.0
M8 [Family Planning],'8.13',Number of Condom pieces distributed,TOTAL,355400.0,343684.0,11716.0,96423.0,258977.0,60291.0,50783.0,9508.0,9508.0,50783.0,68385.0,66385.0,2000.0,21440.0,46945.0,35702.0,35494.0,208.0,208.0,35494.0,36068.0,36068.0,0.0,1940.0,34128.0,105257.0,105257.0,0.0,54215.0,51042.0,49697.0,49697.0,0.0,9112.0,40585.0
M8 [Family Planning],'8.14',Number of Centchroman (weekly) pill strips distributed,TOTAL,3873.0,3873.0,0.0,28.0,3845.0,1497.0,1497.0,0.0,0.0,1497.0,959.0,959.0,0.0,0.0,959.0,10.0,10.0,0.0,0.0,10.0,156.0,156.0,0.0,0.0,156.0,805.0,805.0,0.0,12.0,793.0,446.0,446.0,0.0,16.0,430.0
M8 [Family Planning],'8.15',Number of Emergency Contraceptive Pills (ECP) given,TOTAL,100.0,100.0,0.0,2.0,98.0,44.0,44.0,0.0,0.0,44.0,4.0,4.0,0.0,0.0,4.0,10.0,10.0,0.0,0.0,10.0,16.0,16.0,0.0,0.0,16.0,16.0,16.0,0.0,0.0,16.0,10.0,10.0,0.0,2.0,8.0
M8 [Family Planning],'8.16',Number of Pregnancy Test Kits (PTK) used,TOTAL,12885.0,10925.0,1960.0,3364.0,9521.0,1810.0,1810.0,0.0,0.0,1810.0,2094.0,2094.0,0.0,529.0,1565.0,2055.0,2055.0,0.0,0.0,2055.0,2020.0,2010.0,10.0,10.0,2010.0,1113.0,1113.0,0.0,110.0,1003.0,3793.0,1843.0,1950.0,2715.0,1078.0
M8 [Family Planning],'8.17.1',Complications following male sterilization,TOTAL,0.0,0.0,0.0,0.0,0.0,0.0,0.0,0.0,0.0,0.0,0.0,0.0,0.0,0.0,0.0,0.0,0.0,0.0,0.0,0.0,0.0,0.0,0.0,0.0,0.0,0.0,0.0,0.0,0.0,0.0,0.0,0.0,0.0,0.0,0.0
M8 [Family Planning],'8.17.2',Complications following female sterilization,TOTAL,0.0,0.0,0.0,0.0,0.0,0.0,0.0,0.0,0.0,0.0,0.0,0.0,0.0,0.0,0.0,0.0,0.0,0.0,0.0,0.0,0.0,0.0,0.0,0.0,0.0,0.0,0.0,0.0,0.0,0.0,0.0,0.0,0.0,0.0,0.0
M8 [Family Planning],'8.17.3',Failures following male sterilization,TOTAL,0.0,0.0,0.0,0.0,0.0,0.0,0.0,0.0,0.0,0.0,0.0,0.0,0.0,0.0,0.0,0.0,0.0,0.0,0.0,0.0,0.0,0.0,0.0,0.0,0.0,0.0,0.0,0.0,0.0,0.0,0.0,0.0,0.0,0.0,0.0
M8 [Family Planning],'8.17.4',Failures following female sterilization,TOTAL,1.0,1.0,0.0,0.0,1.0,0.0,0.0,0.0,0.0,0.0,1.0,1.0,0.0,0.0,1.0,0.0,0.0,0.0,0.0,0.0,0.0,0.0,0.0,0.0,0.0,0.0,0.0,0.0,0.0,0.0,0.0,0.0,0.0,0.0,0.0
M8 [Family Planning],'8.17.5',Deaths following male sterilization,TOTAL,0.0,0.0,0.0,0.0,0.0,0.0,0.0,0.0,0.0,0.0,0.0,0.0,0.0,0.0,0.0,0.0,0.0,0.0,0.0,0.0,0.0,0.0,0.0,0.0,0.0,0.0,0.0,0.0,0.0,0.0,0.0,0.0,0.0,0.0,0.0
M8 [Family Planning],'8.17.6',Deaths following female sterilization,TOTAL,0.0,0.0,0.0,0.0,0.0,0.0,0.0,0.0,0.0,0.0,0.0,0.0,0.0,0.0,0.0,0.0,0.0,0.0,0.0,0.0,0.0,0.0,0.0,0.0,0.0,0.0,0.0,0.0,0.0,0.0,0.0,0.0,0.0,0.0,0.0
M9 [CHILD IMMUNISATION],'9.1.1',Child immunisation - Vitamin K1 (Birth Dose),TOTAL,5449.0,3391.0,2058.0,2328.0,3121.0,1030.0,694.0,336.0,336.0,694.0,3555.0,1901.0,1654.0,1676.0,1879.0,169.0,169.0,0.0,0.0,169.0,128.0,60.0,68.0,68.0,60.0,526.0,526.0,0.0,248.0,278.0,41.0,41.0,0.0,0.0,41.0
M9 [CHILD IMMUNISATION],'9.1.2',Child immunisation - BCG,TOTAL,23547.0,20720.0,2827.0,8018.0,15529.0,3224.0,3194.0,30.0,30.0,3194.0,5665.0,3246.0,2419.0,2715.0,2950.0,1344.0,1344.0,0.0,0.0,1344.0,3488.0,3110.0,378.0,1097.0,2391.0,5754.0,5754.0,0.0,2834.0,2920.0,4072.0,4072.0,0.0,1342.0,2730.0
M9 [CHILD IMMUNISATION],'9.1.3',Child immunisation - DPT1,TOTAL,0.0,0.0,0.0,0.0,0.0,0.0,0.0,0.0,0.0,0.0,0.0,0.0,0.0,0.0,0.0,0.0,0.0,0.0,0.0,0.0,0.0,0.0,0.0,0.0,0.0,0.0,0.0,0.0,0.0,0.0,0.0,0.0,0.0,0.0,0.0
M9 [CHILD IMMUNISATION],'9.1.4',Child immunisation - DPT2,TOTAL,0.0,0.0,0.0,0.0,0.0,0.0,0.0,0.0,0.0,0.0,0.0,0.0,0.0,0.0,0.0,0.0,0.0,0.0,0.0,0.0,0.0,0.0,0.0,0.0,0.0,0.0,0.0,0.0,0.0,0.0,0.0,0.0,0.0,0.0,0.0
M9 [CHILD IMMUNISATION],'9.1.5',Child immunisation - DPT3,TOTAL,0.0,0.0,0.0,0.0,0.0,0.0,0.0,0.0,0.0,0.0,0.0,0.0,0.0,0.0,0.0,0.0,0.0,0.0,0.0,0.0,0.0,0.0,0.0,0.0,0.0,0.0,0.0,0.0,0.0,0.0,0.0,0.0,0.0,0.0,0.0
M9 [CHILD IMMUNISATION],'9.1.6',Child immunisation - Pentavalent 1,TOTAL,23196.0,22554.0,642.0,4939.0,18257.0,3758.0,3758.0,0.0,0.0,3758.0,3739.0,3097.0,642.0,1339.0,2400.0,1847.0,1847.0,0.0,0.0,1847.0,3787.0,3787.0,0.0,478.0,3309.0,6156.0,6156.0,0.0,2170.0,3986.0,3909.0,3909.0,0.0,952.0,2957.0
M9 [CHILD IMMUNISATION],'9.1.7',Child immunisation - Pentavalent 2,TOTAL,23037.0,22602.0,435.0,4569.0,18468.0,3966.0,3966.0,0.0,0.0,3966.0,3489.0,3054.0,435.0,1102.0,2387.0,1817.0,1817.0,0.0,0.0,1817.0,3679.0,3679.0,0.0,420.0,3259.0,6000.0,6000.0,0.0,2085.0,3915.0,4086.0,4086.0,0.0,962.0,3124.0
M9 [CHILD IMMUNISATION],'9.1.8',Child immunisation - Pentavalent 3,TOTAL,23838.0,23276.0,562.0,4690.0,19148.0,4065.0,4065.0,0.0,0.0,4065.0,3828.0,3266.0,562.0,1302.0,2526.0,1959.0,1959.0,0.0,0.0,1959.0,3892.0,3892.0,0.0,438.0,3454.0,6000.0,6000.0,0.0,2015.0,3985.0,4094.0,4094.0,0.0,935.0,3159.0
M9 [CHILD IMMUNISATION],'9.1.9',Child immunisation - OPV 0 (Birth Dose),TOTAL,16397.0,11513.0,4884.0,8559.0,7838.0,3473.0,2189.0,1284.0,1284.0,2189.0,5418.0,2260.0,3158.0,3215.0,2203.0,587.0,587.0,0.0,0.0,587.0,1899.0,1457.0,442.0,788.0,1111.0,2720.0,2720.0,0.0,1944.0,776.0,2300.0,2300.0,0.0,1328.0,972.0
M9 [CHILD IMMUNISATION],'9.1.10',Child immunisation - OPV1,TOTAL,22970.0,22328.0,642.0,4710.0,18260.0,3758.0,3758.0,0.0,0.0,3758.0,3739.0,3097.0,642.0,1339.0,2400.0,1847.0,1847.0,0.0,0.0,1847.0,3794.0,3794.0,0.0,467.0,3327.0,6154.0,6154.0,0.0,2170.0,3984.0,3678.0,3678.0,0.0,734.0,2944.0
M9 [CHILD IMMUNISATION],'9.1.11',Child immunisation - OPV2,TOTAL,22907.0,22472.0,435.0,4448.0,18459.0,3966.0,3966.0,0.0,0.0,3966.0,3489.0,3054.0,435.0,1102.0,2387.0,1817.0,1817.0,0.0,0.0,1817.0,3669.0,3669.0,0.0,419.0,3250.0,5999.0,5999.0,0.0,2085.0,3914.0,3967.0,3967.0,0.0,842.0,3125.0
M9 [CHILD IMMUNISATION],'9.1.12',Child immunisation - OPV3,TOTAL,23665.0,23103.0,562.0,4504.0,19161.0,4067.0,4067.0,0.0,0.0,4067.0,3828.0,3266.0,562.0,1302.0,2526.0,1959.0,1959.0,0.0,0.0,1959.0,3802.0,3802.0,0.0,368.0,3434.0,6013.0,6013.0,0.0,2015.0,3998.0,3996.0,3996.0,0.0,819.0,3177.0
M9 [CHILD IMMUNISATION],'9.1.13',Child immunisation - Hepatitis-B0 (Birth Dose),TOTAL,15450.0,10844.0,4606.0,8366.0,7084.0,3473.0,2189.0,1284.0,1284.0,2189.0,4739.0,1859.0,2880.0,2937.0,1802.0,582.0,582.0,0.0,0.0,582.0,1901.0,1459.0,442.0,1063.0,838.0,2439.0,2439.0,0.0,1754.0,685.0,2316.0,2316.0,0.0,1328.0,988.0
M9 [CHILD IMMUNISATION],'9.1.14',Child immunisation - Hepatitis-B1,TOTAL,0.0,0.0,0.0,0.0,0.0,0.0,0.0,0.0,0.0,0.0,0.0,0.0,0.0,0.0,0.0,0.0,0.0,0.0,0.0,0.0,0.0,0.0,0.0,0.0,0.0,0.0,0.0,0.0,0.0,0.0,0.0,0.0,0.0,0.0,0.0
M9 [CHILD IMMUNISATION],'9.1.15',Child immunisation - Hepatitis-B2,TOTAL,0.0,0.0,0.0,0.0,0.0,0.0,0.0,0.0,0.0,0.0,0.0,0.0,0.0,0.0,0.0,0.0,0.0,0.0,0.0,0.0,0.0,0.0,0.0,0.0,0.0,0.0,0.0,0.0,0.0,0.0,0.0,0.0,0.0,0.0,0.0
M9 [CHILD IMMUNISATION],'9.1.16',Child immunisation - Hepatitis-B3,TOTAL,0.0,0.0,0.0,0.0,0.0,0.0,0.0,0.0,0.0,0.0,0.0,0.0,0.0,0.0,0.0,0.0,0.0,0.0,0.0,0.0,0.0,0.0,0.0,0.0,0.0,0.0,0.0,0.0,0.0,0.0,0.0,0.0,0.0,0.0,0.0
M9 [CHILD IMMUNISATION],'9.1.17',Child immunisation - Inactivated Polio Vaccine 1 (IPV 1),TOTAL,19502.0,19150.0,352.0,4101.0,15401.0,3051.0,3051.0,0.0,0.0,3051.0,3269.0,2917.0,352.0,964.0,2305.0,1354.0,1354.0,0.0,0.0,1354.0,3448.0,3448.0,0.0,425.0,3023.0,4924.0,4924.0,0.0,1880.0,3044.0,3456.0,3456.0,0.0,832.0,2624.0
M9 [CHILD IMMUNISATION],'9.1.18',Child immunisation - Inactivated Polio Vaccine 2 (IPV 2),TOTAL,18814.0,18775.0,39.0,3512.0,15302.0,3205.0,3205.0,0.0,0.0,3205.0,3102.0,3063.0,39.0,672.0,2430.0,1293.0,1293.0,0.0,0.0,1293.0,3418.0,3418.0,0.0,390.0,3028.0,4417.0,4417.0,0.0,1693.0,2724.0,3379.0,3379.0,0.0,757.0,2622.0
M9 [CHILD IMMUNISATION],'9.1.19',Child immunisation - Rotavirus 1,TOTAL,2176.0,2176.0,0.0,316.0,1860.0,0.0,0.0,0.0,0.0,0.0,668.0,668.0,0.0,148.0,520.0,386.0,386.0,0.0,0.0,386.0,887.0,887.0,0.0,164.0,723.0,234.0,234.0,0.0,4.0,230.0,1.0,1.0,0.0,0.0,1.0
M9 [CHILD IMMUNISATION],'9.1.20',Child immunisation - Rotavirus 2,TOTAL,684.0,684.0,0.0,98.0,586.0,0.0,0.0,0.0,0.0,0.0,210.0,210.0,0.0,39.0,171.0,105.0,105.0,0.0,0.0,105.0,362.0,362.0,0.0,59.0,303.0,7.0,7.0,0.0,0.0,7.0,0.0,0.0,0.0,0.0,0.0
M9 [CHILD IMMUNISATION],'9.1.21',Child immunisation - Rotavirus 3,TOTAL,44.0,44.0,0.0,1.0,43.0,0.0,0.0,0.0,0.0,0.0,12.0,12.0,0.0,1.0,11.0,12.0,12.0,0.0,0.0,12.0,20.0,20.0,0.0,0.0,20.0,0.0,0.0,0.0,0.0,0.0,0.0,0.0,0.0,0.0,0.0
M9 [CHILD IMMUNISATION],'9.2.1',Child immunisation (9-11months) - Measles & Rubella (MR)- 1st Dose,TOTAL,22293.0,21687.0,606.0,3927.0,18366.0,3801.0,3801.0,0.0,0.0,3801.0,3701.0,3095.0,606.0,1332.0,2369.0,1821.0,1821.0,0.0,0.0,1821.0,3671.0,3671.0,0.0,368.0,3303.0,5528.0,5528.0,0.0,1691.0,3837.0,3771.0,3771.0,0.0,536.0,3235.0
M9 [CHILD IMMUNISATION],'9.2.2',Child immunisation (9-11months) - Measles 1st dose,TOTAL,0.0,0.0,0.0,0.0,0.0,0.0,0.0,0.0,0.0,0.0,0.0,0.0,0.0,0.0,0.0,0.0,0.0,0.0,0.0,0.0,0.0,0.0,0.0,0.0,0.0,0.0,0.0,0.0,0.0,0.0,0.0,0.0,0.0,0.0,0.0
M9 [CHILD IMMUNISATION],'9.2.3',Child immunisation (9-11months) - JE 1st dose,TOTAL,0.0,0.0,0.0,0.0,0.0,0.0,0.0,0.0,0.0,0.0,0.0,0.0,0.0,0.0,0.0,0.0,0.0,0.0,0.0,0.0,0.0,0.0,0.0,0.0,0.0,0.0,0.0,0.0,0.0,0.0,0.0,0.0,0.0,0.0,0.0
M9 [CHILD IMMUNISATION],'9.2.4.a',Children aged between 9 and 11 months fully immunized- Male,TOTAL,11579.0,11274.0,305.0,1962.0,9617.0,1944.0,1944.0,0.0,0.0,1944.0,1949.0,1644.0,305.0,671.0,1278.0,964.0,964.0,0.0,0.0,964.0,1854.0,1854.0,0.0,133.0,1721.0,2923.0,2923.0,0.0,886.0,2037.0,1945.0,1945.0,0.0,272.0,1673.0
M9 [CHILD IMMUNISATION],'9.2.4.b',Children aged between 9 and 11 months fully immunized - Female,TOTAL,10531.0,10230.0,301.0,1828.0,8703.0,1857.0,1857.0,0.0,0.0,1857.0,1752.0,1451.0,301.0,661.0,1091.0,857.0,857.0,0.0,0.0,857.0,1639.0,1639.0,0.0,119.0,1520.0,2607.0,2607.0,0.0,784.0,1823.0,1819.0,1819.0,0.0,264.0,1555.0
M9 [CHILD IMMUNISATION],'9.3.1',Child immunisation - Measles & Rubella (MR)- 1st Dose,TOTAL,545.0,545.0,0.0,125.0,420.0,0.0,0.0,0.0,0.0,0.0,0.0,0.0,0.0,0.0,0.0,0.0,0.0,0.0,0.0,0.0,275.0,275.0,0.0,0.0,275.0,24.0,24.0,0.0,0.0,24.0,246.0,246.0,0.0,125.0,121.0
M9 [CHILD IMMUNISATION],'9.3.2',Child immunisation - Measles-1st dose,TOTAL,0.0,0.0,0.0,0.0,0.0,0.0,0.0,0.0,0.0,0.0,0.0,0.0,0.0,0.0,0.0,0.0,0.0,0.0,0.0,0.0,0.0,0.0,0.0,0.0,0.0,0.0,0.0,0.0,0.0,0.0,0.0,0.0,0.0,0.0,0.0
M9 [CHILD IMMUNISATION],'9.3.3',Child immunisation - JE 1st dose,TOTAL,0.0,0.0,0.0,0.0,0.0,0.0,0.0,0.0,0.0,0.0,0.0,0.0,0.0,0.0,0.0,0.0,0.0,0.0,0.0,0.0,0.0,0.0,0.0,0.0,0.0,0.0,0.0,0.0,0.0,0.0,0.0,0.0,0.0,0.0,0.0
M9 [CHILD IMMUNISATION],'9.4.1',Child immunisation - Measles & Rubella (MR)- 2nd Dose (16-24 months),TOTAL,20307.0,19853.0,454.0,3649.0,16658.0,3438.0,3438.0,0.0,0.0,3438.0,3376.0,2922.0,454.0,1150.0,2226.0,1566.0,1566.0,0.0,0.0,1566.0,3310.0,3310.0,0.0,390.0,2920.0,5142.0,5142.0,0.0,1597.0,3545.0,3475.0,3475.0,0.0,512.0,2963.0
M9 [CHILD IMMUNISATION],'9.4.2',Child immunisation - Measles 2nd dose (More than 16 months),TOTAL,0.0,0.0,0.0,0.0,0.0,0.0,0.0,0.0,0.0,0.0,0.0,0.0,0.0,0.0,0.0,0.0,0.0,0.0,0.0,0.0,0.0,0.0,0.0,0.0,0.0,0.0,0.0,0.0,0.0,0.0,0.0,0.0,0.0,0.0,0.0
M9 [CHILD IMMUNISATION],'9.4.3',Child immunisation - DPT 1st Booster,TOTAL,20393.0,19939.0,454.0,3662.0,16731.0,3440.0,3440.0,0.0,0.0,3440.0,3389.0,2935.0,454.0,1150.0,2239.0,1566.0,1566.0,0.0,0.0,1566.0,3342.0,3342.0,0.0,403.0,2939.0,5151.0,5151.0,0.0,1597.0,3554.0,3505.0,3505.0,0.0,512.0,2993.0
M9 [CHILD IMMUNISATION],'9.4.4',Child immunisation - OPV Booster,TOTAL,20398.0,19944.0,454.0,3615.0,16783.0,3440.0,3440.0,0.0,0.0,3440.0,3389.0,2935.0,454.0,1150.0,2239.0,1566.0,1566.0,0.0,0.0,1566.0,3415.0,3415.0,0.0,403.0,3012.0,5100.0,5100.0,0.0,1550.0,3550.0,3488.0,3488.0,0.0,512.0,2976.0
M9 [CHILD IMMUNISATION],'9.4.5',"Child immunisation - Measles, Mumps, Rubella (MMR) Vaccine",TOTAL,0.0,0.0,0.0,0.0,0.0,0.0,0.0,0.0,0.0,0.0,0.0,0.0,0.0,0.0,0.0,0.0,0.0,0.0,0.0,0.0,0.0,0.0,0.0,0.0,0.0,0.0,0.0,0.0,0.0,0.0,0.0,0.0,0.0,0.0,0.0
M9 [CHILD IMMUNISATION],'9.4.6',Number of children more than 16 months of age who received Japanese Encephalitis (JE) vaccine,TOTAL,0.0,0.0,0.0,0.0,0.0,0.0,0.0,0.0,0.0,0.0,0.0,0.0,0.0,0.0,0.0,0.0,0.0,0.0,0.0,0.0,0.0,0.0,0.0,0.0,0.0,0.0,0.0,0.0,0.0,0.0,0.0,0.0,0.0,0.0,0.0
M9 [CHILD IMMUNISATION],'9.5.1',Child immunisation - Typhoid,TOTAL,0.0,0.0,0.0,0.0,0.0,0.0,0.0,0.0,0.0,0.0,0.0,0.0,0.0,0.0,0.0,0.0,0.0,0.0,0.0,0.0,0.0,0.0,0.0,0.0,0.0,0.0,0.0,0.0,0.0,0.0,0.0,0.0,0.0,0.0,0.0
M9 [CHILD IMMUNISATION],'9.5.2',Children more than 5 years received DPT5 (2nd Booster),TOTAL,14475.0,14311.0,164.0,2120.0,12355.0,2967.0,2967.0,0.0,0.0,2967.0,3920.0,3756.0,164.0,932.0,2988.0,704.0,704.0,0.0,0.0,704.0,2750.0,2750.0,0.0,217.0,2533.0,3185.0,3185.0,0.0,971.0,2214.0,949.0,949.0,0.0,0.0,949.0
M9 [CHILD IMMUNISATION],'9.5.3',Children more than 10 years received TT10,TOTAL,15748.0,15667.0,81.0,1613.0,14135.0,3020.0,3020.0,0.0,0.0,3020.0,3786.0,3705.0,81.0,618.0,3168.0,1461.0,1461.0,0.0,0.0,1461.0,2725.0,2725.0,0.0,233.0,2492.0,3712.0,3712.0,0.0,762.0,2950.0,1044.0,1044.0,0.0,0.0,1044.0
M9 [CHILD IMMUNISATION],'9.5.4',Children more than 16 years received TT16,TOTAL,13156.0,13156.0,0.0,1327.0,11829.0,2606.0,2606.0,0.0,0.0,2606.0,2891.0,2891.0,0.0,537.0,2354.0,1269.0,1269.0,0.0,0.0,1269.0,2566.0,2566.0,0.0,150.0,2416.0,2863.0,2863.0,0.0,640.0,2223.0,961.0,961.0,0.0,0.0,961.0
M9 [CHILD IMMUNISATION],'9.6.1',Number of cases of AEFI - Abscess,TOTAL,17.0,17.0,0.0,0.0,17.0,17.0,17.0,0.0,0.0,17.0,0.0,0.0,0.0,0.0,0.0,0.0,0.0,0.0,0.0,0.0,0.0,0.0,0.0,0.0,0.0,0.0,0.0,0.0,0.0,0.0,0.0,0.0,0.0,0.0,0.0
M9 [CHILD IMMUNISATION],'9.6.2',Number of cases of AEFI - Death,TOTAL,0.0,0.0,0.0,0.0,0.0,0.0,0.0,0.0,0.0,0.0,0.0,0.0,0.0,0.0,0.0,0.0,0.0,0.0,0.0,0.0,0.0,0.0,0.0,0.0,0.0,0.0,0.0,0.0,0.0,0.0,0.0,0.0,0.0,0.0,0.0
M9 [CHILD IMMUNISATION],'9.6.3',Number of cases of AEFI - Others,TOTAL,2.0,2.0,0.0,0.0,2.0,2.0,2.0,0.0,0.0,2.0,0.0,0.0,0.0,0.0,0.0,0.0,0.0,0.0,0.0,0.0,0.0,0.0,0.0,0.0,0.0,0.0,0.0,0.0,0.0,0.0,0.0,0.0,0.0,0.0,0.0
M9 [CHILD IMMUNISATION],'9.7.1',Immunisation sessions planned,TOTAL,8969.0,8969.0,0.0,923.0,8046.0,1669.0,1669.0,0.0,0.0,1669.0,1594.0,1594.0,0.0,370.0,1224.0,1021.0,1021.0,0.0,0.0,1021.0,1706.0,1706.0,0.0,74.0,1632.0,1620.0,1620.0,0.0,262.0,1358.0,1359.0,1359.0,0.0,217.0,1142.0
M9 [CHILD IMMUNISATION],'9.7.2',Immunisation sessions held,TOTAL,8660.0,8660.0,0.0,884.0,7776.0,1621.0,1621.0,0.0,0.0,1621.0,1573.0,1573.0,0.0,349.0,1224.0,1011.0,1011.0,0.0,0.0,1011.0,1663.0,1663.0,0.0,68.0,1595.0,1448.0,1448.0,0.0,252.0,1196.0,1344.0,1344.0,0.0,215.0,1129.0
M9 [CHILD IMMUNISATION],'9.7.3',Number of Immunisation sessions where ASHAs were present,TOTAL,6830.0,6830.0,0.0,656.0,6174.0,1166.0,1166.0,0.0,0.0,1166.0,1239.0,1239.0,0.0,263.0,976.0,500.0,500.0,0.0,0.0,500.0,1505.0,1505.0,0.0,75.0,1430.0,1407.0,1407.0,0.0,223.0,1184.0,1013.0,1013.0,0.0,95.0,918.0
M9 [CHILD IMMUNISATION],'9.8.1',Child immunisation - Vitamin A Dose - 1,TOTAL,11293.0,11293.0,0.0,2214.0,9079.0,2096.0,2096.0,0.0,0.0,2096.0,1734.0,1734.0,0.0,343.0,1391.0,547.0,547.0,0.0,0.0,547.0,1702.0,1702.0,0.0,99.0,1603.0,3927.0,3927.0,0.0,1278.0,2649.0,1287.0,1287.0,0.0,494.0,793.0
M9 [CHILD IMMUNISATION],'9.8.2',Child immunisation - Vitamin A Dose - 5,TOTAL,16742.0,16742.0,0.0,552.0,16190.0,2771.0,2771.0,0.0,0.0,2771.0,3799.0,3799.0,0.0,323.0,3476.0,3386.0,3386.0,0.0,0.0,3386.0,2530.0,2530.0,0.0,54.0,2476.0,3878.0,3878.0,0.0,0.0,3878.0,378.0,378.0,0.0,175.0,203.0
M9 [CHILD IMMUNISATION],'9.8.3',Child immunisation - Vitamin A Dose - 9,TOTAL,16340.0,16340.0,0.0,1070.0,15270.0,1292.0,1292.0,0.0,0.0,1292.0,2992.0,2992.0,0.0,354.0,2638.0,3238.0,3238.0,0.0,0.0,3238.0,4809.0,4809.0,0.0,540.0,4269.0,3569.0,3569.0,0.0,0.0,3569.0,440.0,440.0,0.0,176.0,264.0
M9 [CHILD IMMUNISATION],'9.9',Number of children (6-59 months) provided 8-10 doses (1ml) of IFA syrup (Bi weekly),TOTAL,8511.0,8511.0,,0.0,8511.0,2438.0,2438.0,,,2438.0,3544.0,3544.0,,0.0,3544.0,0.0,0.0,,,0.0,1052.0,1052.0,,0.0,1052.0,1008.0,1008.0,,0.0,1008.0,469.0,469.0,,0.0,469.0
M9 [CHILD IMMUNISATION],'9.10',Number of children (12-59 months) provided Albendazole,TOTAL,15835.0,15835.0,0.0,0.0,15835.0,2446.0,2446.0,0.0,0.0,2446.0,242.0,242.0,0.0,0.0,242.0,0.0,0.0,0.0,0.0,0.0,6882.0,6882.0,0.0,0.0,6882.0,6205.0,6205.0,0.0,0.0,6205.0,60.0,60.0,0.0,0.0,60.0
M9 [CHILD IMMUNISATION],'9.11',Number of severely underweight children provided Health Checkup (0-5 yrs),TOTAL,557.0,557.0,0.0,30.0,527.0,89.0,89.0,0.0,0.0,89.0,73.0,73.0,0.0,0.0,73.0,68.0,68.0,0.0,0.0,68.0,132.0,132.0,0.0,0.0,132.0,35.0,35.0,0.0,0.0,35.0,160.0,160.0,0.0,30.0,130.0
M10 [Number of cases of Childhood Diseases (0-5 years)],'10.1',Childhood Diseases - Pneumonia,TOTAL,52.0,52.0,0.0,7.0,45.0,44.0,44.0,0.0,0.0,44.0,8.0,8.0,0.0,7.0,1.0,0.0,0.0,0.0,0.0,0.0,0.0,0.0,0.0,0.0,0.0,0.0,0.0,0.0,0.0,0.0,0.0,0.0,0.0,0.0,0.0
M10 [Number of cases of Childhood Diseases (0-5 years)],'10.2',Childhood Diseases - Asthma,TOTAL,0.0,0.0,0.0,0.0,0.0,0.0,0.0,0.0,0.0,0.0,0.0,0.0,0.0,0.0,0.0,0.0,0.0,0.0,0.0,0.0,0.0,0.0,0.0,0.0,0.0,0.0,0.0,0.0,0.0,0.0,0.0,0.0,0.0,0.0,0.0
M10 [Number of cases of Childhood Diseases (0-5 years)],'10.3',Childhood Diseases - Sepsis,TOTAL,22.0,22.0,0.0,0.0,22.0,11.0,11.0,0.0,0.0,11.0,0.0,0.0,0.0,0.0,0.0,0.0,0.0,0.0,0.0,0.0,0.0,0.0,0.0,0.0,0.0,11.0,11.0,0.0,0.0,11.0,0.0,0.0,0.0,0.0,0.0
M10 [Number of cases of Childhood Diseases (0-5 years)],'10.4',Childhood Diseases - Diphtheria,TOTAL,0.0,0.0,0.0,0.0,0.0,0.0,0.0,0.0,0.0,0.0,0.0,0.0,0.0,0.0,0.0,0.0,0.0,0.0,0.0,0.0,0.0,0.0,0.0,0.0,0.0,0.0,0.0,0.0,0.0,0.0,0.0,0.0,0.0,0.0,0.0
M10 [Number of cases of Childhood Diseases (0-5 years)],'10.5',Childhood Diseases - Pertussis,TOTAL,0.0,0.0,0.0,0.0,0.0,0.0,0.0,0.0,0.0,0.0,0.0,0.0,0.0,0.0,0.0,0.0,0.0,0.0,0.0,0.0,0.0,0.0,0.0,0.0,0.0,0.0,0.0,0.0,0.0,0.0,0.0,0.0,0.0,0.0,0.0
M10 [Number of cases of Childhood Diseases (0-5 years)],'10.6',Childhood Diseases - Tetanus Neonatorum,TOTAL,0.0,0.0,0.0,0.0,0.0,0.0,0.0,0.0,0.0,0.0,0.0,0.0,0.0,0.0,0.0,0.0,0.0,0.0,0.0,0.0,0.0,0.0,0.0,0.0,0.0,0.0,0.0,0.0,0.0,0.0,0.0,0.0,0.0,0.0,0.0
M10 [Number of cases of Childhood Diseases (0-5 years)],'10.7',Childhood Diseases - Tuberculosis (TB),TOTAL,6.0,6.0,0.0,0.0,6.0,6.0,6.0,0.0,0.0,6.0,0.0,0.0,0.0,0.0,0.0,0.0,0.0,0.0,0.0,0.0,0.0,0.0,0.0,0.0,0.0,0.0,0.0,0.0,0.0,0.0,0.0,0.0,0.0,0.0,0.0
M10 [Number of cases of Childhood Diseases (0-5 years)],'10.8',Childhood Diseases - Acute Flaccid Paralysis(AFP),TOTAL,1.0,1.0,0.0,0.0,1.0,1.0,1.0,0.0,0.0,1.0,0.0,0.0,0.0,0.0,0.0,0.0,0.0,0.0,0.0,0.0,0.0,0.0,0.0,0.0,0.0,0.0,0.0,0.0,0.0,0.0,0.0,0.0,0.0,0.0,0.0
M10 [Number of cases of Childhood Diseases (0-5 years)],'10.9',Childhood Diseases - Measles,TOTAL,1.0,1.0,0.0,0.0,1.0,1.0,1.0,0.0,0.0,1.0,0.0,0.0,0.0,0.0,0.0,0.0,0.0,0.0,0.0,0.0,0.0,0.0,0.0,0.0,0.0,0.0,0.0,0.0,0.0,0.0,0.0,0.0,0.0,0.0,0.0
M10 [Number of cases of Childhood Diseases (0-5 years)],'10.10',Childhood Diseases - Malaria,TOTAL,0.0,0.0,0.0,0.0,0.0,0.0,0.0,0.0,0.0,0.0,0.0,0.0,0.0,0.0,0.0,0.0,0.0,0.0,0.0,0.0,0.0,0.0,0.0,0.0,0.0,0.0,0.0,0.0,0.0,0.0,0.0,0.0,0.0,0.0,0.0
M10 [Number of cases of Childhood Diseases (0-5 years)],'10.11',Childhood Diseases - Diarrhoea,TOTAL,806.0,806.0,0.0,122.0,684.0,228.0,228.0,0.0,0.0,228.0,224.0,224.0,0.0,119.0,105.0,0.0,0.0,0.0,0.0,0.0,255.0,255.0,0.0,0.0,255.0,3.0,3.0,0.0,3.0,0.0,96.0,96.0,0.0,0.0,96.0
M10 [Number of cases of Childhood Diseases (0-5 years)],'10.12',Childhood Diseases - Diarrhoea treated in Inpatients,TOTAL,238.0,238.0,0.0,84.0,154.0,82.0,82.0,0.0,0.0,82.0,109.0,109.0,0.0,84.0,25.0,0.0,0.0,0.0,0.0,0.0,47.0,47.0,0.0,0.0,47.0,0.0,0.0,0.0,0.0,0.0,0.0,0.0,0.0,0.0,0.0
M10 [Number of cases of Childhood Diseases (0-5 years)],'10.13',Children admitted with upper respiratory infections,TOTAL,299.0,299.0,0.0,41.0,258.0,69.0,69.0,0.0,0.0,69.0,48.0,48.0,0.0,41.0,7.0,0.0,0.0,0.0,0.0,0.0,68.0,68.0,0.0,0.0,68.0,0.0,0.0,0.0,0.0,0.0,114.0,114.0,0.0,0.0,114.0
M10 [Number of cases of Childhood Diseases (0-5 years)],'10.14',Childhood Diseases - Severe Acute Malnutrition (SAM),TOTAL,481.0,481.0,0.0,27.0,454.0,84.0,84.0,0.0,0.0,84.0,148.0,148.0,0.0,27.0,121.0,68.0,68.0,0.0,0.0,68.0,109.0,109.0,0.0,0.0,109.0,0.0,0.0,0.0,0.0,0.0,72.0,72.0,0.0,0.0,72.0
M11 [NVBDCP],'11.1.1.a',Total Blood Smears Examined for Malaria,TOTAL,256229.0,254974.0,1255.0,39241.0,216988.0,63924.0,63543.0,381.0,381.0,63543.0,33950.0,33950.0,0.0,5057.0,28893.0,23219.0,23219.0,0.0,0.0,23219.0,69154.0,68280.0,874.0,9352.0,59802.0,40051.0,40051.0,0.0,13274.0,26777.0,25931.0,25931.0,0.0,11177.0,14754.0
M11 [NVBDCP],'11.1.1.b',Malaria (Microscopy Tests ) - Plasmodium Vivax test positive,TOTAL,22.0,22.0,0.0,3.0,19.0,10.0,10.0,0.0,0.0,10.0,0.0,0.0,0.0,0.0,0.0,1.0,1.0,0.0,0.0,1.0,11.0,11.0,0.0,3.0,8.0,0.0,0.0,0.0,0.0,0.0,0.0,0.0,0.0,0.0,0.0
M11 [NVBDCP],'11.1.1.c',Malaria (Microscopy Tests ) - Plasmodium Falciparum test positive,TOTAL,0.0,0.0,0.0,0.0,0.0,0.0,0.0,0.0,0.0,0.0,0.0,0.0,0.0,0.0,0.0,0.0,0.0,0.0,0.0,0.0,0.0,0.0,0.0,0.0,0.0,0.0,0.0,0.0,0.0,0.0,0.0,0.0,0.0,0.0,0.0
M11 [NVBDCP],'11.1.2.a',RDT conducted for Malaria,TOTAL,2799.0,2799.0,0.0,0.0,2799.0,209.0,209.0,0.0,0.0,209.0,2105.0,2105.0,0.0,0.0,2105.0,0.0,0.0,0.0,0.0,0.0,485.0,485.0,0.0,0.0,485.0,0.0,0.0,0.0,0.0,0.0,0.0,0.0,0.0,0.0,0.0
M11 [NVBDCP],'11.1.2.b',Malaria (RDT) - Plasmodium Vivax test positive,TOTAL,1.0,1.0,0.0,0.0,1.0,0.0,0.0,0.0,0.0,0.0,0.0,0.0,0.0,0.0,0.0,0.0,0.0,0.0,0.0,0.0,1.0,1.0,0.0,0.0,1.0,0.0,0.0,0.0,0.0,0.0,0.0,0.0,0.0,0.0,0.0
M11 [NVBDCP],'11.1.2.c',Malaria (RDT) - Plamodium Falciparum test positive,TOTAL,0.0,0.0,0.0,0.0,0.0,0.0,0.0,0.0,0.0,0.0,0.0,0.0,0.0,0.0,0.0,0.0,0.0,0.0,0.0,0.0,0.0,0.0,0.0,0.0,0.0,0.0,0.0,0.0,0.0,0.0,0.0,0.0,0.0,0.0,0.0
M11 [NVBDCP],'11.2.1',Kala Azar (RDT) - Tests Conducted,TOTAL,70.0,65.0,5.0,5.0,65.0,0.0,0.0,0.0,0.0,0.0,65.0,65.0,0.0,0.0,65.0,0.0,0.0,0.0,0.0,0.0,5.0,0.0,5.0,5.0,0.0,0.0,0.0,0.0,0.0,0.0,0.0,0.0,0.0,0.0,0.0
M11 [NVBDCP],'11.2.2',Kala Azar Positive Cases,TOTAL,0.0,0.0,0.0,0.0,0.0,0.0,0.0,0.0,0.0,0.0,0.0,0.0,0.0,0.0,0.0,0.0,0.0,0.0,0.0,0.0,0.0,0.0,0.0,0.0,0.0,0.0,0.0,0.0,0.0,0.0,0.0,0.0,0.0,0.0,0.0
M11 [NVBDCP],'11.2.3',Post-kala-azar dermal leishmaniasis (PKDL) cases,TOTAL,0.0,0.0,0.0,0.0,0.0,0.0,0.0,0.0,0.0,0.0,0.0,0.0,0.0,0.0,0.0,0.0,0.0,0.0,0.0,0.0,0.0,0.0,0.0,0.0,0.0,0.0,0.0,0.0,0.0,0.0,0.0,0.0,0.0,0.0,0.0
M11 [NVBDCP],'11.3.1',Dengue - RDT Test Positive,TOTAL,54.0,54.0,0.0,25.0,29.0,0.0,0.0,0.0,0.0,0.0,29.0,29.0,0.0,0.0,29.0,0.0,0.0,0.0,0.0,0.0,0.0,0.0,0.0,0.0,0.0,25.0,25.0,0.0,25.0,0.0,0.0,0.0,0.0,0.0,0.0
M11 [NVBDCP],'11.3.2',Dengue - Enzyme- Linked Immuno Sorbent Assay (ELISA) Test Positive,TOTAL,0.0,0.0,0.0,0.0,0.0,0.0,0.0,0.0,0.0,0.0,0.0,0.0,0.0,0.0,0.0,0.0,0.0,0.0,0.0,0.0,0.0,,0.0,0.0,,0.0,0.0,0.0,0.0,,0.0,0.0,0.0,0.0,
M11 [NVBDCP],'11.4.1',Tests Conducted for JE,TOTAL,0.0,0.0,0.0,0.0,0.0,0.0,0.0,0.0,0.0,0.0,0.0,0.0,0.0,0.0,0.0,0.0,0.0,0.0,0.0,0.0,0.0,,0.0,0.0,,0.0,0.0,0.0,0.0,,0.0,0.0,0.0,0.0,
M11 [NVBDCP],'11.4.2',Tests Positive for JE,TOTAL,0.0,0.0,0.0,0.0,0.0,0.0,0.0,0.0,0.0,0.0,0.0,0.0,0.0,0.0,0.0,0.0,0.0,0.0,0.0,0.0,0.0,,0.0,0.0,,0.0,0.0,0.0,0.0,,0.0,0.0,0.0,0.0,
M12 [Adolscent Health],'12.1.1.a',Girls registered in AFHC,TOTAL,8678.0,8678.0,0.0,2698.0,5980.0,2525.0,2525.0,0.0,0.0,2525.0,769.0,769.0,0.0,0.0,769.0,871.0,871.0,0.0,0.0,871.0,1945.0,1945.0,0.0,864.0,1081.0,1496.0,1496.0,0.0,1243.0,253.0,1072.0,1072.0,0.0,591.0,481.0
M12 [Adolscent Health],'12.1.1.b',Boys registered in AFHC,TOTAL,9517.0,9517.0,0.0,3352.0,6165.0,2564.0,2564.0,0.0,0.0,2564.0,621.0,621.0,0.0,0.0,621.0,888.0,888.0,0.0,0.0,888.0,1864.0,1864.0,0.0,667.0,1197.0,1842.0,1842.0,0.0,1609.0,233.0,1738.0,1738.0,0.0,1076.0,662.0
M12 [Adolscent Health],'12.1.2.a',"Out of registered, Girls received clinical services",TOTAL,8104.0,8104.0,0.0,2808.0,5296.0,2497.0,2497.0,0.0,0.0,2497.0,605.0,605.0,0.0,0.0,605.0,739.0,739.0,0.0,0.0,739.0,1707.0,1707.0,0.0,804.0,903.0,1854.0,1854.0,0.0,1532.0,322.0,702.0,702.0,0.0,472.0,230.0
M12 [Adolscent Health],'12.1.2.b',"Out of registered, Boys received clinical services",TOTAL,8620.0,8620.0,0.0,3152.0,5468.0,2517.0,2517.0,0.0,0.0,2517.0,454.0,454.0,0.0,0.0,454.0,762.0,762.0,0.0,0.0,762.0,1771.0,1771.0,0.0,650.0,1121.0,2111.0,2111.0,0.0,1812.0,299.0,1005.0,1005.0,0.0,690.0,315.0
M12 [Adolscent Health],'12.1.3.a',"Out of registered, Girls received counselling",TOTAL,7500.0,7500.0,0.0,2377.0,5123.0,2485.0,2485.0,0.0,0.0,2485.0,738.0,738.0,0.0,0.0,738.0,522.0,522.0,0.0,0.0,522.0,1847.0,1847.0,0.0,864.0,983.0,1751.0,1751.0,0.0,1513.0,238.0,157.0,157.0,0.0,0.0,157.0
M12 [Adolscent Health],'12.1.3.b',"Out of registered, Boys received counselling",TOTAL,7520.0,7520.0,0.0,2267.0,5253.0,2530.0,2530.0,0.0,0.0,2530.0,603.0,603.0,0.0,0.0,603.0,603.0,603.0,0.0,0.0,603.0,1828.0,1828.0,0.0,667.0,1161.0,1816.0,1816.0,0.0,1600.0,216.0,140.0,140.0,0.0,0.0,140.0
"M13 [Directly Observed Treatment, Short-course (DOTS)]",'13.1',Number of on-going DOTS patients registered,TOTAL,1745.0,1745.0,0.0,165.0,1580.0,572.0,572.0,0.0,0.0,572.0,262.0,262.0,0.0,25.0,237.0,211.0,211.0,0.0,0.0,211.0,386.0,386.0,0.0,0.0,386.0,287.0,287.0,0.0,140.0,147.0,27.0,27.0,0.0,0.0,27.0
"M13 [Directly Observed Treatment, Short-course (DOTS)]",'13.2',Number of DOTS cases completed successfully,TOTAL,450.0,450.0,0.0,185.0,265.0,112.0,112.0,0.0,0.0,112.0,57.0,57.0,0.0,7.0,50.0,34.0,34.0,0.0,0.0,34.0,52.0,52.0,0.0,0.0,52.0,192.0,192.0,0.0,178.0,14.0,3.0,3.0,0.0,0.0,3.0
M14 [Patient Services],'14.1.1',Outpatient - Diabetes,TOTAL,45057.0,44355.0,702.0,16154.0,28903.0,9146.0,9146.0,0.0,0.0,9146.0,6644.0,6478.0,166.0,1153.0,5491.0,7521.0,7521.0,0.0,0.0,7521.0,7485.0,7229.0,256.0,3642.0,3843.0,8681.0,8681.0,0.0,7775.0,906.0,5580.0,5300.0,280.0,3584.0,1996.0
M14 [Patient Services],'14.1.2',Outpatient - Hypertension,TOTAL,41292.0,40630.0,662.0,15262.0,26030.0,8497.0,8497.0,0.0,0.0,8497.0,5839.0,5649.0,190.0,1564.0,4275.0,7316.0,7316.0,0.0,0.0,7316.0,7084.0,6836.0,248.0,3657.0,3427.0,7676.0,7676.0,0.0,7160.0,516.0,4880.0,4656.0,224.0,2881.0,1999.0
M14 [Patient Services],'14.1.3',Outpatient - Stroke (Paralysis),TOTAL,770.0,712.0,58.0,339.0,431.0,56.0,56.0,0.0,0.0,56.0,144.0,102.0,42.0,108.0,36.0,20.0,20.0,0.0,0.0,20.0,133.0,117.0,16.0,20.0,113.0,72.0,72.0,0.0,52.0,20.0,345.0,345.0,0.0,159.0,186.0
M14 [Patient Services],'14.1.4',Outpatient - Acute Heart Diseases,TOTAL,1655.0,1290.0,365.0,1053.0,602.0,74.0,74.0,0.0,0.0,74.0,389.0,160.0,229.0,309.0,80.0,34.0,34.0,0.0,0.0,34.0,43.0,19.0,24.0,30.0,13.0,103.0,103.0,0.0,98.0,5.0,1012.0,900.0,112.0,616.0,396.0
M14 [Patient Services],'14.1.5',Outpatient - Mental illness,TOTAL,2045.0,2042.0,3.0,692.0,1353.0,365.0,365.0,0.0,0.0,365.0,805.0,805.0,0.0,85.0,720.0,15.0,15.0,0.0,0.0,15.0,127.0,124.0,3.0,23.0,104.0,607.0,607.0,0.0,578.0,29.0,126.0,126.0,0.0,6.0,120.0
M14 [Patient Services],'14.1.6',Outpatient - Epilepsy,TOTAL,2293.0,2287.0,6.0,718.0,1575.0,433.0,433.0,0.0,0.0,433.0,459.0,459.0,0.0,48.0,411.0,0.0,0.0,0.0,0.0,0.0,359.0,353.0,6.0,6.0,353.0,273.0,273.0,0.0,65.0,208.0,769.0,769.0,0.0,599.0,170.0
M14 [Patient Services],'14.1.7',Outpatient - Ophthalmic Related,TOTAL,18473.0,18471.0,2.0,5771.0,12702.0,3206.0,3206.0,0.0,0.0,3206.0,4368.0,4368.0,0.0,30.0,4338.0,962.0,962.0,0.0,0.0,962.0,3462.0,3460.0,2.0,2.0,3460.0,5527.0,5527.0,0.0,5174.0,353.0,948.0,948.0,0.0,565.0,383.0
M14 [Patient Services],'14.1.8',Outpatient - Dental,TOTAL,26319.0,26135.0,184.0,13609.0,12710.0,5189.0,5189.0,0.0,0.0,5189.0,2632.0,2575.0,57.0,817.0,1815.0,1620.0,1620.0,0.0,0.0,1620.0,8859.0,8858.0,1.0,5720.0,3139.0,4778.0,4778.0,0.0,4530.0,248.0,3241.0,3115.0,126.0,2542.0,699.0
M14 [Patient Services],'14.1.9',Outpatient - Oncology,TOTAL,292.0,290.0,2.0,256.0,36.0,31.0,31.0,0.0,0.0,31.0,7.0,7.0,0.0,2.0,5.0,0.0,0.0,0.0,0.0,0.0,2.0,0.0,2.0,2.0,0.0,252.0,252.0,0.0,252.0,,0.0,0.0,0.0,0.0,0.0
M14 [Patient Services],'14.2.1',Allopathic- Outpatient attendance,TOTAL,1460863.0,1285746.0,175117.0,525408.0,935455.0,276350.0,226433.0,49917.0,49917.0,226433.0,280956.0,208313.0,72643.0,111628.0,169328.0,113526.0,111142.0,2384.0,2384.0,111142.0,246446.0,236895.0,9551.0,40384.0,206062.0,271600.0,267833.0,3767.0,158010.0,113590.0,271985.0,235130.0,36855.0,163085.0,108900.0
M14 [Patient Services],'14.2.2',Ayush - Outpatient attendance,TOTAL,241064.0,229870.0,11194.0,119965.0,121099.0,62360.0,54259.0,8101.0,8101.0,54259.0,22079.0,22079.0,0.0,4224.0,17855.0,3801.0,3766.0,35.0,35.0,3766.0,19981.0,19281.0,700.0,4140.0,15841.0,109469.0,109469.0,0.0,96985.0,12484.0,23374.0,21016.0,2358.0,6480.0,16894.0
M14 [Patient Services],'14.3.1.a',Inpatient (Male)- Children<18yrs,TOTAL,8289.0,5605.0,2684.0,3310.0,4979.0,1355.0,1283.0,72.0,72.0,1283.0,3430.0,2278.0,1152.0,1198.0,2232.0,537.0,508.0,29.0,29.0,508.0,1410.0,1016.0,394.0,632.0,778.0,624.0,184.0,440.0,595.0,29.0,933.0,336.0,597.0,784.0,149.0
M14 [Patient Services],'14.3.1.b',Inpatient (Male)- Adults,TOTAL,33830.0,23251.0,10579.0,16287.0,17543.0,4563.0,4247.0,316.0,316.0,4247.0,10083.0,3702.0,6381.0,6545.0,3538.0,3061.0,3010.0,51.0,51.0,3010.0,7456.0,6877.0,579.0,1976.0,5480.0,4551.0,2457.0,2094.0,3812.0,739.0,4116.0,2958.0,1158.0,3587.0,529.0
M14 [Patient Services],'14.3.2.a',Inpatient (Female)- Children<18yrs,TOTAL,9569.0,5495.0,4074.0,4877.0,4692.0,1096.0,982.0,114.0,114.0,982.0,3248.0,2025.0,1223.0,1281.0,1967.0,598.0,520.0,78.0,78.0,520.0,1992.0,1195.0,797.0,1173.0,819.0,823.0,193.0,630.0,733.0,90.0,1812.0,580.0,1232.0,1498.0,314.0
M14 [Patient Services],'14.3.2.b',Inpatient (Female)- Adults,TOTAL,70544.0,47884.0,22660.0,32260.0,38284.0,12521.0,11372.0,1149.0,1149.0,11372.0,16570.0,7058.0,9512.0,10033.0,6537.0,5135.0,4913.0,222.0,222.0,4913.0,14620.0,12325.0,2295.0,4307.0,10313.0,6184.0,4302.0,1882.0,4129.0,2055.0,15514.0,7914.0,7600.0,12420.0,3094.0
M14 [Patient Services],'14.3.3',Number of Left Against Medical Advice (LAMA) cases,TOTAL,1795.0,1769.0,26.0,95.0,1700.0,2.0,2.0,0.0,0.0,2.0,1694.0,1694.0,0.0,0.0,1694.0,0.0,0.0,0.0,0.0,0.0,6.0,0.0,6.0,6.0,0.0,69.0,69.0,0.0,69.0,0.0,24.0,4.0,20.0,20.0,4.0
M14 [Patient Services],'14.4.1',Inpatient - Malaria,TOTAL,92.0,92.0,0.0,0.0,92.0,8.0,8.0,0.0,0.0,8.0,82.0,82.0,0.0,0.0,82.0,0.0,0.0,0.0,0.0,0.0,0.0,0.0,0.0,0.0,0.0,2.0,2.0,0.0,0.0,2.0,0.0,0.0,0.0,0.0,0.0
M14 [Patient Services],'14.4.2',Inpatient - Dengue,TOTAL,803.0,798.0,5.0,12.0,791.0,6.0,6.0,0.0,0.0,6.0,785.0,785.0,0.0,0.0,785.0,0.0,0.0,0.0,0.0,0.0,5.0,0.0,5.0,5.0,0.0,7.0,7.0,0.0,7.0,0.0,0.0,0.0,0.0,0.0,0.0
M14 [Patient Services],'14.4.3',Inpatient - Typhoid,TOTAL,979.0,967.0,12.0,127.0,852.0,571.0,571.0,0.0,0.0,571.0,77.0,77.0,0.0,0.0,77.0,0.0,0.0,0.0,0.0,0.0,172.0,160.0,12.0,12.0,160.0,147.0,147.0,0.0,115.0,32.0,12.0,12.0,0.0,0.0,12.0
M14 [Patient Services],'14.4.4',"Inpatient - Asthma, Chronic Obstructive Pulmonary Disease (COPD), Respiratory infections",TOTAL,1156.0,1150.0,6.0,161.0,995.0,185.0,185.0,0.0,0.0,185.0,759.0,759.0,0.0,0.0,759.0,0.0,0.0,0.0,0.0,0.0,39.0,33.0,6.0,6.0,33.0,172.0,172.0,0.0,155.0,17.0,1.0,1.0,0.0,0.0,1.0
M14 [Patient Services],'14.4.5',Inpatient - Tuberculosis,TOTAL,232.0,226.0,6.0,42.0,190.0,29.0,29.0,0.0,0.0,29.0,140.0,140.0,0.0,0.0,140.0,1.0,1.0,0.0,0.0,1.0,20.0,14.0,6.0,6.0,14.0,39.0,39.0,0.0,36.0,3.0,3.0,3.0,0.0,0.0,3.0
M14 [Patient Services],'14.4.6',Inpatient - Pyrexia of unknown origin (PUO),TOTAL,1823.0,1806.0,17.0,563.0,1260.0,102.0,102.0,0.0,0.0,102.0,1003.0,1003.0,0.0,0.0,1003.0,0.0,0.0,0.0,0.0,0.0,162.0,145.0,17.0,17.0,145.0,556.0,556.0,0.0,546.0,10.0,0.0,0.0,0.0,0.0,0.0
M14 [Patient Services],'14.4.7',Inpatient - Diarrhea with dehydration,TOTAL,2746.0,2744.0,2.0,238.0,2508.0,488.0,488.0,0.0,0.0,488.0,1383.0,1383.0,0.0,0.0,1383.0,0.0,0.0,0.0,0.0,0.0,526.0,524.0,2.0,2.0,524.0,272.0,272.0,0.0,236.0,36.0,77.0,77.0,0.0,0.0,77.0
M14 [Patient Services],'14.4.8',Inpatient - Hepatitis,TOTAL,239.0,239.0,0.0,3.0,236.0,6.0,6.0,0.0,0.0,6.0,226.0,226.0,0.0,0.0,226.0,0.0,0.0,0.0,0.0,0.0,4.0,4.0,0.0,0.0,4.0,3.0,3.0,0.0,3.0,0.0,0.0,0.0,0.0,0.0,0.0
M14 [Patient Services],'14.5',Patients registered at Emergency Department,TOTAL,2040.0,1990.0,50.0,749.0,1291.0,538.0,538.0,0.0,0.0,538.0,639.0,639.0,0.0,0.0,639.0,114.0,114.0,0.0,0.0,114.0,50.0,0.0,50.0,50.0,0.0,699.0,699.0,0.0,699.0,,0.0,0.0,0.0,0.0,0.0
M14 [Patient Services],'14.6.1',"Emergency - Trauma ( accident, injury, poisoning etc)",TOTAL,1440.0,1440.0,0.0,637.0,803.0,456.0,456.0,0.0,0.0,456.0,241.0,241.0,0.0,0.0,241.0,106.0,106.0,0.0,0.0,106.0,0.0,0.0,0.0,0.0,0.0,621.0,621.0,0.0,621.0,,16.0,16.0,0.0,16.0,0.0
M14 [Patient Services],'14.6.2',Emergency - Burn,TOTAL,119.0,119.0,0.0,10.0,109.0,22.0,22.0,0.0,0.0,22.0,78.0,78.0,0.0,0.0,78.0,9.0,9.0,0.0,0.0,9.0,0.0,0.0,0.0,0.0,0.0,6.0,6.0,0.0,6.0,,4.0,4.0,0.0,4.0,0.0
M14 [Patient Services],'14.6.3',Emergency - Obstetrics complications,TOTAL,303.0,298.0,5.0,5.0,298.0,16.0,16.0,0.0,0.0,16.0,282.0,282.0,0.0,0.0,282.0,0.0,0.0,0.0,0.0,0.0,5.0,0.0,5.0,5.0,0.0,0.0,0.0,0.0,0.0,,0.0,0.0,0.0,0.0,0.0
M14 [Patient Services],'14.6.4',Emergency - Snake Bite,TOTAL,246.0,246.0,0.0,61.0,185.0,16.0,16.0,0.0,0.0,16.0,83.0,83.0,0.0,0.0,83.0,78.0,78.0,0.0,0.0,78.0,8.0,8.0,0.0,0.0,8.0,36.0,36.0,0.0,36.0,,25.0,25.0,0.0,25.0,0.0
M14 [Patient Services],'14.6.5',Emergency - Acute Caridiac Emergencies,TOTAL,137.0,127.0,10.0,42.0,95.0,23.0,23.0,0.0,0.0,23.0,55.0,55.0,0.0,0.0,55.0,17.0,17.0,0.0,0.0,17.0,10.0,0.0,10.0,10.0,0.0,21.0,21.0,0.0,21.0,,11.0,11.0,0.0,11.0,0.0
M14 [Patient Services],'14.6.7',Emergency - CVA ( Cerebovascular Disease),TOTAL,21.0,16.0,5.0,7.0,14.0,2.0,2.0,0.0,0.0,2.0,11.0,11.0,0.0,0.0,11.0,1.0,1.0,0.0,0.0,1.0,5.0,0.0,5.0,5.0,0.0,2.0,2.0,0.0,2.0,,0.0,0.0,0.0,0.0,0.0
M14 [Patient Services],'14.7',Number of deaths occurring at Emergency Department,TOTAL,64.0,64.0,0.0,5.0,59.0,3.0,3.0,0.0,0.0,3.0,56.0,56.0,0.0,0.0,56.0,0.0,0.0,0.0,0.0,0.0,0.0,0.0,0.0,0.0,0.0,5.0,5.0,0.0,5.0,,0.0,0.0,0.0,0.0,0.0
M14 [Patient Services],'14.8.1',Operation major (General and spinal anaesthesia),TOTAL,4447.0,2711.0,1736.0,2555.0,1892.0,1012.0,390.0,622.0,622.0,390.0,997.0,997.0,0.0,48.0,949.0,291.0,291.0,0.0,0.0,291.0,268.0,258.0,10.0,10.0,258.0,1099.0,241.0,858.0,1099.0,0.0,780.0,534.0,246.0,776.0,4.0
M14 [Patient Services],'14.8.2',"Out of Operation major, Gynecology- Hysterectomy surgeries",TOTAL,2001.0,942.0,1059.0,1508.0,493.0,160.0,160.0,0.0,0.0,160.0,318.0,318.0,0.0,12.0,306.0,9.0,9.0,0.0,0.0,9.0,23.0,14.0,9.0,9.0,14.0,0.0,0.0,0.0,0.0,0.0,1491.0,441.0,1050.0,1487.0,4.0
M14 [Patient Services],'14.8.3',"Major Surgeries excluding Obstetrics, Gynaecology and Opthalmology etc.",TOTAL,212.0,212.0,,,212.0,,,,,,212.0,212.0,,,212.0,,,,,,,,,,,,,,,,,,,,
M14 [Patient Services],'14.8.4',Operation minor (No or local anaesthesia),TOTAL,2110.0,1551.0,559.0,1017.0,1093.0,76.0,76.0,0.0,0.0,76.0,829.0,829.0,0.0,94.0,735.0,197.0,197.0,0.0,0.0,197.0,91.0,80.0,11.0,11.0,80.0,647.0,99.0,548.0,647.0,0.0,270.0,270.0,0.0,265.0,5.0
M14 [Patient Services],'14.8.5',Number of post operative Surgical Site infection,TOTAL,0.0,0.0,,,0.0,,,,,,0.0,0.0,,,0.0,,,,,,,,,,,,,,,,,,,,
M14 [Patient Services],'14.8.6',Number of blood units issued,TOTAL,1576.0,1525.0,51.0,103.0,1473.0,1438.0,1438.0,0.0,0.0,1438.0,35.0,35.0,0.0,0.0,35.0,0.0,0.0,0.0,0.0,0.0,16.0,0.0,16.0,16.0,0.0,50.0,50.0,0.0,50.0,0.0,37.0,2.0,35.0,37.0,0.0
M14 [Patient Services],'14.8.7',Number of blood transfusions done,TOTAL,328.0,304.0,24.0,111.0,217.0,40.0,40.0,0.0,0.0,40.0,177.0,177.0,0.0,0.0,177.0,0.0,0.0,0.0,0.0,0.0,3.0,0.0,3.0,3.0,0.0,85.0,85.0,0.0,85.0,0.0,23.0,2.0,21.0,23.0,0.0
M14 [Patient Services],'14.9.1',Inpatient Deaths - Male,TOTAL,217.0,217.0,0.0,42.0,175.0,13.0,13.0,0.0,0.0,13.0,147.0,147.0,0.0,0.0,147.0,4.0,4.0,0.0,0.0,4.0,15.0,15.0,0.0,4.0,11.0,38.0,38.0,0.0,38.0,0.0,0.0,0.0,0.0,0.0,0.0
M14 [Patient Services],'14.9.2',Inpatient Deaths - Female,TOTAL,147.0,147.0,0.0,29.0,118.0,8.0,8.0,0.0,0.0,8.0,98.0,98.0,0.0,0.0,98.0,3.0,3.0,0.0,0.0,3.0,12.0,12.0,0.0,3.0,9.0,26.0,26.0,0.0,26.0,0.0,0.0,0.0,0.0,0.0,0.0
M14 [Patient Services],'14.10',In-Patient Head Count at midnight,TOTAL,137146.0,109022.0,28124.0,56663.0,80483.0,20830.0,16283.0,4547.0,4547.0,16283.0,46162.0,43565.0,2597.0,4250.0,41912.0,6853.0,6601.0,252.0,252.0,6601.0,16424.0,10828.0,5596.0,5916.0,10508.0,26029.0,17355.0,8674.0,24658.0,1371.0,20848.0,14390.0,6458.0,17040.0,3808.0
M14 [Patient Services],'14.11',Number of Admission in NBSU ( New Born Stabilisation Unit),TOTAL,145.0,97.0,48.0,48.0,97.0,21.0,21.0,0.0,0.0,21.0,76.0,76.0,0.0,0.0,76.0,48.0,0.0,48.0,48.0,0.0,0.0,0.0,0.0,0.0,0.0,0.0,0.0,0.0,0.0,0.0,0.0,0.0,0.0,0.0,0.0
M14 [Patient Services],'14.12.1',Special Newborn Care Unit (SNCU Admissions) - Inborn Male,TOTAL,141.0,141.0,0.0,0.0,141.0,2.0,2.0,0.0,0.0,2.0,139.0,139.0,0.0,0.0,139.0,0.0,0.0,0.0,0.0,0.0,0.0,0.0,0.0,0.0,0.0,0.0,0.0,0.0,0.0,,0.0,0.0,0.0,0.0,0.0
M14 [Patient Services],'14.12.2',Special Newborn Care Unit (SNCU Admissions) - Inborn Female,TOTAL,108.0,108.0,0.0,0.0,108.0,3.0,3.0,0.0,0.0,3.0,105.0,105.0,0.0,0.0,105.0,0.0,0.0,0.0,0.0,0.0,0.0,0.0,0.0,0.0,0.0,0.0,0.0,0.0,0.0,,0.0,0.0,0.0,0.0,0.0
M14 [Patient Services],'14.12.3',Outborn  Male,TOTAL,71.0,71.0,0.0,0.0,71.0,0.0,0.0,0.0,0.0,0.0,71.0,71.0,0.0,0.0,71.0,0.0,0.0,0.0,0.0,0.0,0.0,0.0,0.0,0.0,0.0,0.0,0.0,0.0,0.0,,0.0,0.0,0.0,0.0,0.0
M14 [Patient Services],'14.12.4',Outborn - Female,TOTAL,75.0,75.0,0.0,0.0,75.0,0.0,0.0,0.0,0.0,0.0,75.0,75.0,0.0,0.0,75.0,0.0,0.0,0.0,0.0,0.0,0.0,0.0,0.0,0.0,0.0,0.0,0.0,0.0,0.0,,0.0,0.0,0.0,0.0,0.0
M14 [Patient Services],'14.12.5',Number of newborns admitted in SNCU - referred by ASHA,TOTAL,5.0,5.0,0.0,0.0,5.0,0.0,0.0,0.0,0.0,0.0,5.0,5.0,0.0,0.0,5.0,0.0,0.0,0.0,0.0,0.0,0.0,0.0,0.0,0.0,0.0,0.0,0.0,0.0,0.0,,0.0,0.0,0.0,0.0,0.0
M14 [Patient Services],'14.13',Number of deaths occurring at SNCU,TOTAL,23.0,23.0,0.0,0.0,23.0,0.0,0.0,0.0,0.0,0.0,23.0,23.0,0.0,0.0,23.0,0.0,0.0,0.0,0.0,0.0,0.0,0.0,0.0,0.0,0.0,0.0,0.0,0.0,0.0,,0.0,0.0,0.0,0.0,0.0
M14 [Patient Services],'14.14.1',Number of children admitted in NRC,TOTAL,127.0,127.0,0.0,0.0,127.0,4.0,4.0,0.0,0.0,4.0,108.0,108.0,0.0,0.0,108.0,0.0,0.0,0.0,0.0,0.0,15.0,15.0,0.0,0.0,15.0,0.0,0.0,0.0,0.0,0.0,0.0,0.0,0.0,0.0,0.0
M14 [Patient Services],'14.14.2',Number of children discharged with target weight gain from the NRCs,TOTAL,101.0,101.0,0.0,0.0,101.0,0.0,0.0,0.0,0.0,0.0,84.0,84.0,0.0,0.0,84.0,0.0,0.0,0.0,0.0,0.0,17.0,17.0,0.0,0.0,17.0,0.0,0.0,0.0,0.0,0.0,0.0,0.0,0.0,0.0,0.0
M14 [Patient Services],'14.15',Number of Rogi Kalyan Samiti (RKS) meetings held,TOTAL,10.0,10.0,0.0,5.0,5.0,2.0,2.0,0.0,0.0,2.0,3.0,3.0,0.0,0.0,3.0,0.0,0.0,0.0,0.0,0.0,0.0,0.0,0.0,0.0,0.0,0.0,0.0,0.0,0.0,0.0,5.0,5.0,0.0,5.0,0.0
M14 [Patient Services],'14.16',Number of Anganwadi centres/ UPHCs reported to have conducted Village Health & Nutrition Day (VHNDs)/ Urban Health & Nutrition Day (UHNDs)/ Outreach / Special Outreach,TOTAL,2059.0,2059.0,,68.0,1991.0,463.0,463.0,,,463.0,540.0,540.0,,68.0,472.0,165.0,165.0,,,165.0,540.0,540.0,,0.0,540.0,255.0,255.0,,0.0,255.0,96.0,96.0,,0.0,96.0
M14 [Patient Services],'14.17',Stock out rate of essential Drugs,TOTAL,,,,,,,,,,,,,,,,,,,,,,,,,,,,,,,,,,,
M14 [Patient Services],'14.18',Blood Units Issued on replacement (Family Donors to be considered as replacement donations),TOTAL,45.0,45.0,,,45.0,,,,,,45.0,45.0,,,45.0,,,,,,,,,,,,,,,,,,,,
M14 [Patient Services],'14.19',Total number of blood units issued in year,TOTAL,975.0,975.0,,,975.0,,,,,,975.0,975.0,,,975.0,,,,,,,,,,,,,,,,,,,,
M14 [Patient Services],'14.20',Patient Satisfaction Score of the facility in percentage (from Mera Aspatal),TOTAL,535.0,535.0,,,535.0,,,,,,535.0,535.0,,,535.0,,,,,,,,,,,,,,,,,,,,
M15 [Laboratory Testing],'15.1',Number of Lab Tests done,TOTAL,475778.0,437356.0,38422.0,185428.0,290350.0,58022.0,55693.0,2329.0,2329.0,55693.0,132513.0,117504.0,15009.0,26384.0,106129.0,54819.0,54819.0,0.0,0.0,54819.0,61941.0,57373.0,4568.0,28890.0,33051.0,102378.0,97668.0,4710.0,89740.0,12638.0,66105.0,54299.0,11806.0,38085.0,28020.0
M15 [Laboratory Testing],'15.2.1',Number of Hb tests conducted,TOTAL,100557.0,84595.0,15962.0,43606.0,56951.0,14779.0,14779.0,0.0,0.0,14779.0,11551.0,7741.0,3810.0,5846.0,5705.0,8021.0,8021.0,0.0,0.0,8021.0,14058.0,13484.0,574.0,3676.0,10382.0,23181.0,20505.0,2676.0,17733.0,5448.0,28967.0,20065.0,8902.0,16351.0,12616.0
M15 [Laboratory Testing],'15.2.2',"Out of the total number of Hb tests done, Number having Hb < 7 mg",TOTAL,2925.0,2306.0,619.0,1499.0,1426.0,574.0,574.0,0.0,0.0,574.0,667.0,98.0,569.0,571.0,96.0,173.0,173.0,0.0,0.0,173.0,363.0,313.0,50.0,148.0,215.0,528.0,528.0,0.0,415.0,113.0,620.0,620.0,0.0,365.0,255.0
M15 [Laboratory Testing],'15.3.1.a',Male HIV - Number Tested,TOTAL,10489.0,10440.0,49.0,3555.0,6934.0,1256.0,1256.0,0.0,0.0,1256.0,2571.0,2571.0,0.0,48.0,2523.0,623.0,623.0,0.0,0.0,623.0,1977.0,1928.0,49.0,800.0,1177.0,1898.0,1898.0,0.0,1582.0,316.0,2164.0,2164.0,0.0,1125.0,1039.0
M15 [Laboratory Testing],'15.3.1.b',Male HIV - Number Positive,TOTAL,377.0,377.0,0.0,220.0,157.0,14.0,14.0,0.0,0.0,14.0,74.0,74.0,0.0,0.0,74.0,19.0,19.0,0.0,0.0,19.0,23.0,23.0,0.0,8.0,15.0,100.0,100.0,0.0,91.0,9.0,147.0,147.0,0.0,121.0,26.0
M15 [Laboratory Testing],'15.3.2.a',Female Non ANC HIV - Number Tested,TOTAL,16410.0,16380.0,30.0,5214.0,11196.0,2762.0,2762.0,0.0,0.0,2762.0,3603.0,3603.0,0.0,243.0,3360.0,1051.0,1051.0,0.0,0.0,1051.0,1827.0,1797.0,30.0,710.0,1117.0,3730.0,3730.0,0.0,2699.0,1031.0,3437.0,3437.0,0.0,1562.0,1875.0
M15 [Laboratory Testing],'15.3.2.b',Female Non ANC HIV - Number Positive,TOTAL,365.0,365.0,0.0,195.0,170.0,19.0,19.0,0.0,0.0,19.0,66.0,66.0,0.0,0.0,66.0,17.0,17.0,0.0,0.0,17.0,46.0,46.0,0.0,5.0,41.0,131.0,131.0,0.0,122.0,9.0,86.0,86.0,0.0,68.0,18.0
M15 [Laboratory Testing],'15.3.3.a',Number of pregnant women screened for HIV,TOTAL,22845.0,20033.0,2812.0,9062.0,13783.0,3863.0,3863.0,0.0,0.0,3863.0,3099.0,3099.0,0.0,340.0,2759.0,1403.0,1403.0,0.0,0.0,1403.0,2955.0,2819.0,136.0,670.0,2285.0,8829.0,6153.0,2676.0,6630.0,2199.0,2696.0,2696.0,0.0,1422.0,1274.0
M15 [Laboratory Testing],'15.3.3.b',"Out of the above, number screened positive",TOTAL,63.0,63.0,0.0,6.0,57.0,5.0,5.0,0.0,0.0,5.0,5.0,5.0,0.0,0.0,5.0,2.0,2.0,0.0,0.0,2.0,7.0,7.0,0.0,0.0,7.0,44.0,44.0,0.0,6.0,38.0,0.0,0.0,0.0,0.0,0.0
M15 [Laboratory Testing],'15.3.3.c',"Out of the above number screened positive, number confirmed with HIV infection at Integrated Counselling and Testing Centre (ICTC)",TOTAL,181.0,181.0,0.0,137.0,44.0,2.0,2.0,0.0,0.0,2.0,37.0,37.0,0.0,0.0,37.0,1.0,1.0,0.0,0.0,1.0,1.0,1.0,0.0,0.0,1.0,140.0,140.0,0.0,137.0,3.0,0.0,0.0,0.0,0.0,0.0
M15 [Laboratory Testing],'15.3.4.a',Number of Male STI/RTI attendees tested for syphilis,TOTAL,3422.0,3318.0,104.0,572.0,2850.0,726.0,726.0,0.0,0.0,726.0,1524.0,1524.0,0.0,0.0,1524.0,14.0,14.0,0.0,0.0,14.0,686.0,582.0,104.0,339.0,347.0,235.0,235.0,0.0,233.0,2.0,237.0,237.0,0.0,0.0,237.0
M15 [Laboratory Testing],'15.3.4.b',Number of Male STI/RTI attendees found sero Positive for syphilis,TOTAL,223.0,223.0,0.0,0.0,223.0,27.0,27.0,0.0,0.0,27.0,195.0,195.0,0.0,0.0,195.0,0.0,0.0,0.0,0.0,0.0,1.0,1.0,0.0,0.0,1.0,0.0,0.0,0.0,0.0,0.0,0.0,0.0,0.0,0.0,0.0
M15 [Laboratory Testing],'15.3.4.c',Number of Female (Non ANC)STI/RTI attendees tested for syphilis,TOTAL,5608.0,5608.0,0.0,3336.0,2272.0,414.0,414.0,0.0,0.0,414.0,1707.0,1707.0,0.0,0.0,1707.0,0.0,0.0,0.0,0.0,0.0,128.0,128.0,0.0,0.0,128.0,3357.0,3357.0,0.0,3336.0,21.0,2.0,2.0,0.0,0.0,2.0
M15 [Laboratory Testing],'15.3.4.d',Number of Female (Non ANC) STI/RTI attendees found sero Positive for syphilis,TOTAL,16.0,16.0,0.0,0.0,16.0,13.0,13.0,0.0,0.0,13.0,0.0,0.0,0.0,0.0,0.0,0.0,0.0,0.0,0.0,0.0,3.0,3.0,0.0,0.0,3.0,0.0,0.0,0.0,0.0,0.0,0.0,0.0,0.0,0.0,0.0
M15 [Laboratory Testing],'15.4.1',Widal tests - Number Tested,TOTAL,12993.0,12658.0,335.0,3237.0,9756.0,3326.0,3326.0,0.0,0.0,3326.0,1933.0,1933.0,0.0,56.0,1877.0,1263.0,1263.0,0.0,0.0,1263.0,3245.0,3160.0,85.0,481.0,2764.0,2718.0,2718.0,0.0,2450.0,268.0,508.0,258.0,250.0,250.0,258.0
M15 [Laboratory Testing],'15.4.2',Widal tests - Number Positive,TOTAL,1944.0,1924.0,20.0,610.0,1334.0,739.0,739.0,0.0,0.0,739.0,156.0,156.0,0.0,0.0,156.0,100.0,100.0,0.0,0.0,100.0,454.0,434.0,20.0,203.0,251.0,481.0,481.0,0.0,407.0,74.0,14.0,14.0,0.0,0.0,14.0
M15 [Laboratory Testing],'15.5.1',Radiology - X-ray,TOTAL,14247.0,14247.0,0.0,2813.0,11434.0,2438.0,2438.0,0.0,0.0,2438.0,4538.0,4538.0,0.0,0.0,4538.0,2136.0,2136.0,0.0,0.0,2136.0,2288.0,2288.0,0.0,0.0,2288.0,2335.0,2335.0,0.0,2335.0,,512.0,512.0,0.0,478.0,34.0
M15 [Laboratory Testing],'15.5.2',Radiology - Ultrasonography (USG),TOTAL,6525.0,6525.0,0.0,1764.0,4761.0,0.0,0.0,0.0,0.0,0.0,4761.0,4761.0,0.0,0.0,4761.0,0.0,0.0,0.0,0.0,0.0,0.0,,0.0,0.0,,1764.0,1764.0,0.0,1764.0,,0.0,0.0,0.0,0.0,
M16 [Details of deaths reported with probable causes:],'16.1',Infant deaths within 24 hrs(1 to 23 Hrs) of birth,TOTAL,21.0,21.0,0.0,0.0,21.0,6.0,6.0,0.0,0.0,6.0,9.0,9.0,0.0,0.0,9.0,3.0,3.0,0.0,0.0,3.0,2.0,2.0,0.0,0.0,2.0,1.0,1.0,0.0,0.0,1.0,0.0,0.0,0.0,0.0,0.0
M16 [Details of deaths reported with probable causes:],'16.2.1',Infant Deaths up to 4 weeks due to Sepsis,TOTAL,2.0,2.0,0.0,0.0,2.0,0.0,0.0,0.0,0.0,0.0,2.0,2.0,0.0,0.0,2.0,0.0,0.0,0.0,0.0,0.0,0.0,0.0,0.0,0.0,0.0,0.0,0.0,0.0,0.0,0.0,0.0,0.0,0.0,0.0,0.0
M16 [Details of deaths reported with probable causes:],'16.2.2',Infant Deaths up to 4 weeks due to Asphyxia,TOTAL,19.0,19.0,0.0,0.0,19.0,3.0,3.0,0.0,0.0,3.0,14.0,14.0,0.0,0.0,14.0,1.0,1.0,0.0,0.0,1.0,1.0,1.0,0.0,0.0,1.0,0.0,0.0,0.0,0.0,0.0,0.0,0.0,0.0,0.0,0.0
M16 [Details of deaths reported with probable causes:],'16.2.3',Infant Deaths up to 4 weeks due to Other causes,TOTAL,30.0,19.0,11.0,11.0,19.0,7.0,7.0,0.0,0.0,7.0,8.0,8.0,0.0,0.0,8.0,2.0,2.0,0.0,0.0,2.0,2.0,2.0,0.0,0.0,2.0,5.0,0.0,5.0,5.0,0.0,6.0,0.0,6.0,6.0,0.0
M16 [Details of deaths reported with probable causes:],'16.3.1',Number of Infant Deaths (1 -12 months) due to Pneumonia,TOTAL,8.0,8.0,0.0,0.0,8.0,4.0,4.0,0.0,0.0,4.0,1.0,1.0,0.0,0.0,1.0,2.0,2.0,0.0,0.0,2.0,0.0,0.0,0.0,0.0,0.0,1.0,1.0,0.0,0.0,1.0,0.0,0.0,0.0,0.0,0.0
M16 [Details of deaths reported with probable causes:],'16.3.2',Number of Infant Deaths (1 -12 months) due to Diarrhoea,TOTAL,1.0,1.0,0.0,0.0,1.0,0.0,0.0,0.0,0.0,0.0,0.0,0.0,0.0,0.0,0.0,0.0,0.0,0.0,0.0,0.0,0.0,0.0,0.0,0.0,0.0,1.0,1.0,0.0,0.0,1.0,0.0,0.0,0.0,0.0,0.0
M16 [Details of deaths reported with probable causes:],'16.3.3',Number of Infant Deaths (1 -12 months) due to Fever related,TOTAL,0.0,0.0,0.0,0.0,0.0,0.0,0.0,0.0,0.0,0.0,0.0,0.0,0.0,0.0,0.0,0.0,0.0,0.0,0.0,0.0,0.0,0.0,0.0,0.0,0.0,0.0,0.0,0.0,0.0,0.0,0.0,0.0,0.0,0.0,0.0
M16 [Details of deaths reported with probable causes:],'16.3.4',Number of Infant Deaths (1 -12 months) due to Measles,TOTAL,0.0,0.0,0.0,0.0,0.0,0.0,0.0,0.0,0.0,0.0,0.0,0.0,0.0,0.0,0.0,0.0,0.0,0.0,0.0,0.0,0.0,0.0,0.0,0.0,0.0,0.0,0.0,0.0,0.0,0.0,0.0,0.0,0.0,0.0,0.0
M16 [Details of deaths reported with probable causes:],'16.3.5',Number of Infant Deaths (1 -12 months) due to Others,TOTAL,62.0,30.0,32.0,33.0,29.0,16.0,16.0,0.0,0.0,16.0,6.0,6.0,0.0,1.0,5.0,5.0,5.0,0.0,0.0,5.0,17.0,1.0,16.0,16.0,1.0,10.0,2.0,8.0,8.0,2.0,8.0,0.0,8.0,8.0,0.0
M16 [Details of deaths reported with probable causes:],'16.4.1',Number of Child Deaths (1 -5 years) due to Pneumonia,TOTAL,2.0,2.0,0.0,0.0,2.0,0.0,0.0,0.0,0.0,0.0,1.0,1.0,0.0,0.0,1.0,0.0,0.0,0.0,0.0,0.0,1.0,1.0,0.0,0.0,1.0,0.0,0.0,0.0,0.0,0.0,0.0,0.0,0.0,0.0,0.0
M16 [Details of deaths reported with probable causes:],'16.4.2',Number of Child Deaths (1 -5 years) due to Diarrhoea,TOTAL,1.0,1.0,0.0,0.0,1.0,0.0,0.0,0.0,0.0,0.0,0.0,0.0,0.0,0.0,0.0,0.0,0.0,0.0,0.0,0.0,1.0,1.0,0.0,0.0,1.0,0.0,0.0,0.0,0.0,0.0,0.0,0.0,0.0,0.0,0.0
M16 [Details of deaths reported with probable causes:],'16.4.3',Number of Child Deaths (1 -5 years) due to Fever related,TOTAL,3.0,3.0,0.0,0.0,3.0,0.0,0.0,0.0,0.0,0.0,1.0,1.0,0.0,0.0,1.0,1.0,1.0,0.0,0.0,1.0,1.0,1.0,0.0,0.0,1.0,0.0,0.0,0.0,0.0,0.0,0.0,0.0,0.0,0.0,0.0
M16 [Details of deaths reported with probable causes:],'16.4.4',Number of Child Deaths (1 -5 years) due to Measles,TOTAL,0.0,0.0,0.0,0.0,0.0,0.0,0.0,0.0,0.0,0.0,0.0,0.0,0.0,0.0,0.0,0.0,0.0,0.0,0.0,0.0,0.0,0.0,0.0,0.0,0.0,0.0,0.0,0.0,0.0,0.0,0.0,0.0,0.0,0.0,0.0
M16 [Details of deaths reported with probable causes:],'16.4.5',Number of Child Deaths (1 -5 years) due to Others,TOTAL,20.0,20.0,0.0,0.0,20.0,7.0,7.0,0.0,0.0,7.0,6.0,6.0,0.0,0.0,6.0,2.0,2.0,0.0,0.0,2.0,4.0,4.0,0.0,0.0,4.0,1.0,1.0,0.0,0.0,1.0,0.0,0.0,0.0,0.0,0.0
M16 [Details of deaths reported with probable causes:],'16.5.1',Number of Maternal Deaths due to Bleeding,TOTAL,0.0,0.0,0.0,0.0,0.0,0.0,0.0,0.0,0.0,0.0,0.0,0.0,0.0,0.0,0.0,0.0,0.0,0.0,0.0,0.0,0.0,0.0,0.0,0.0,0.0,0.0,0.0,0.0,0.0,0.0,0.0,0.0,0.0,0.0,0.0
M16 [Details of deaths reported with probable causes:],'16.5.2',Number of Maternal Deaths due to High fever,TOTAL,0.0,0.0,0.0,0.0,0.0,0.0,0.0,0.0,0.0,0.0,0.0,0.0,0.0,0.0,0.0,0.0,0.0,0.0,0.0,0.0,0.0,0.0,0.0,0.0,0.0,0.0,0.0,0.0,0.0,0.0,0.0,0.0,0.0,0.0,0.0
M16 [Details of deaths reported with probable causes:],'16.5.3',Number of Maternal Deaths due to Abortion,TOTAL,0.0,0.0,0.0,0.0,0.0,0.0,0.0,0.0,0.0,0.0,0.0,0.0,0.0,0.0,0.0,0.0,0.0,0.0,0.0,0.0,0.0,0.0,0.0,0.0,0.0,0.0,0.0,0.0,0.0,0.0,0.0,0.0,0.0,0.0,0.0
M16 [Details of deaths reported with probable causes:],'16.5.4',Number of Maternal Deaths due to Obstructed/prolonged labour,TOTAL,0.0,0.0,0.0,0.0,0.0,0.0,0.0,0.0,0.0,0.0,0.0,0.0,0.0,0.0,0.0,0.0,0.0,0.0,0.0,0.0,0.0,0.0,0.0,0.0,0.0,0.0,0.0,0.0,0.0,0.0,0.0,0.0,0.0,0.0,0.0
M16 [Details of deaths reported with probable causes:],'16.5.5',Number of Maternal Deaths due to Severe hypertesnion/fits,TOTAL,3.0,3.0,0.0,0.0,3.0,2.0,2.0,0.0,0.0,2.0,0.0,0.0,0.0,0.0,0.0,1.0,1.0,0.0,0.0,1.0,0.0,0.0,0.0,0.0,0.0,0.0,0.0,0.0,0.0,0.0,0.0,0.0,0.0,0.0,0.0
M16 [Details of deaths reported with probable causes:],'16.5.6',Number of Maternal Deaths due to Other Causes (including causes not known),TOTAL,9.0,6.0,3.0,4.0,5.0,1.0,1.0,0.0,0.0,1.0,3.0,2.0,1.0,2.0,1.0,0.0,0.0,0.0,0.0,0.0,2.0,1.0,1.0,1.0,1.0,2.0,2.0,0.0,0.0,2.0,1.0,0.0,1.0,1.0,0.0
M16 [Details of deaths reported with probable causes:],'16.6',Total Facility Based Maternal Death Reviews (FBMDR) done,TOTAL,2.0,0.0,2.0,2.0,0.0,0.0,0.0,0.0,0.0,0.0,0.0,0.0,0.0,0.0,0.0,0.0,0.0,0.0,0.0,0.0,1.0,0.0,1.0,1.0,0.0,0.0,0.0,0.0,0.0,,1.0,0.0,1.0,1.0,0.0
M16 [Details of deaths reported with probable causes:],'16.7.1',Number of Adolscent / Adult deaths due to Diarrhoeal diseases,TOTAL,5.0,5.0,0.0,0.0,5.0,0.0,0.0,0.0,0.0,0.0,2.0,2.0,0.0,0.0,2.0,0.0,0.0,0.0,0.0,0.0,1.0,1.0,0.0,0.0,1.0,2.0,2.0,0.0,0.0,2.0,0.0,0.0,0.0,0.0,0.0
M16 [Details of deaths reported with probable causes:],'16.7.2',Number of Adolscent / Adult deaths due to Tuberculosis,TOTAL,79.0,79.0,0.0,0.0,79.0,9.0,9.0,0.0,0.0,9.0,61.0,61.0,0.0,0.0,61.0,3.0,3.0,0.0,0.0,3.0,2.0,2.0,0.0,0.0,2.0,4.0,4.0,0.0,0.0,4.0,0.0,0.0,0.0,0.0,0.0
M16 [Details of deaths reported with probable causes:],'16.7.3',Number of Adolscent / Adult deaths due to Respiratory diseases including infections (other than TB),TOTAL,118.0,118.0,0.0,0.0,118.0,15.0,15.0,0.0,0.0,15.0,48.0,48.0,0.0,0.0,48.0,23.0,23.0,0.0,0.0,23.0,17.0,17.0,0.0,0.0,17.0,14.0,14.0,0.0,0.0,14.0,1.0,1.0,0.0,0.0,1.0
M16 [Details of deaths reported with probable causes:],'16.7.4',Number of Adolscent / Adult deaths due to Other Fever Related,TOTAL,29.0,29.0,0.0,0.0,29.0,6.0,6.0,0.0,0.0,6.0,19.0,19.0,0.0,0.0,19.0,1.0,1.0,0.0,0.0,1.0,0.0,0.0,0.0,0.0,0.0,3.0,3.0,0.0,0.0,3.0,0.0,0.0,0.0,0.0,0.0
M16 [Details of deaths reported with probable causes:],'16.7.5',Number of Adolscent / Adult deaths due to HIV/AIDS,TOTAL,153.0,153.0,0.0,0.0,153.0,10.0,10.0,0.0,0.0,10.0,63.0,63.0,0.0,0.0,63.0,9.0,9.0,0.0,0.0,9.0,3.0,3.0,0.0,0.0,3.0,21.0,21.0,0.0,0.0,21.0,47.0,47.0,0.0,0.0,47.0
M16 [Details of deaths reported with probable causes:],'16.7.6',Number of Adolscent / Adult deaths due to Heart disease/Hypertension related,TOTAL,532.0,506.0,26.0,26.0,506.0,111.0,111.0,0.0,0.0,111.0,103.0,77.0,26.0,26.0,77.0,104.0,104.0,0.0,0.0,104.0,55.0,55.0,0.0,0.0,55.0,117.0,117.0,0.0,0.0,117.0,42.0,42.0,0.0,0.0,42.0
M16 [Details of deaths reported with probable causes:],'16.7.7',Number of Adolscent / Adult deaths due to Cancer,TOTAL,190.0,190.0,0.0,0.0,190.0,52.0,52.0,0.0,0.0,52.0,28.0,28.0,0.0,0.0,28.0,38.0,38.0,0.0,0.0,38.0,29.0,29.0,0.0,0.0,29.0,36.0,36.0,0.0,0.0,36.0,7.0,7.0,0.0,0.0,7.0
M16 [Details of deaths reported with probable causes:],'16.7.8',Number of Adolscent / Adult deaths due to Neurological disease including strokes,TOTAL,245.0,245.0,0.0,0.0,245.0,65.0,65.0,0.0,0.0,65.0,35.0,35.0,0.0,0.0,35.0,43.0,43.0,0.0,0.0,43.0,27.0,27.0,0.0,0.0,27.0,60.0,60.0,0.0,0.0,60.0,15.0,15.0,0.0,0.0,15.0
M16 [Details of deaths reported with probable causes:],'16.7.9',Number of Adolscent / Adult deaths due to Accidents/Burn cases,TOTAL,104.0,104.0,0.0,0.0,104.0,17.0,17.0,0.0,0.0,17.0,50.0,50.0,0.0,0.0,50.0,12.0,12.0,0.0,0.0,12.0,5.0,5.0,0.0,0.0,5.0,19.0,19.0,0.0,0.0,19.0,1.0,1.0,0.0,0.0,1.0
M16 [Details of deaths reported with probable causes:],'16.7.10',Number of Adolscent / Adult deaths due to Suicide,TOTAL,60.0,60.0,0.0,0.0,60.0,8.0,8.0,0.0,0.0,8.0,24.0,24.0,0.0,0.0,24.0,6.0,6.0,0.0,0.0,6.0,10.0,10.0,0.0,0.0,10.0,11.0,11.0,0.0,0.0,11.0,1.0,1.0,0.0,0.0,1.0
M16 [Details of deaths reported with probable causes:],'16.7.11',Number of Adolscent / Adult deaths due to Animal bites and stings,TOTAL,19.0,19.0,0.0,0.0,19.0,10.0,10.0,0.0,0.0,10.0,5.0,5.0,0.0,0.0,5.0,1.0,1.0,0.0,0.0,1.0,1.0,1.0,0.0,0.0,1.0,2.0,2.0,0.0,0.0,2.0,0.0,0.0,0.0,0.0,0.0
M16 [Details of deaths reported with probable causes:],'16.7.12',Number of Adolscent / Adult deaths due to Known Acute Disease,TOTAL,241.0,241.0,0.0,0.0,241.0,69.0,69.0,0.0,0.0,69.0,78.0,78.0,0.0,0.0,78.0,31.0,31.0,0.0,0.0,31.0,42.0,42.0,0.0,0.0,42.0,19.0,19.0,0.0,0.0,19.0,2.0,2.0,0.0,0.0,2.0
M16 [Details of deaths reported with probable causes:],'16.7.13',Number of Adolscent / Adult deaths due to Known Chronic Disease,TOTAL,323.0,298.0,25.0,25.0,298.0,87.0,87.0,0.0,0.0,87.0,126.0,101.0,25.0,25.0,101.0,19.0,19.0,0.0,0.0,19.0,47.0,47.0,0.0,0.0,47.0,44.0,44.0,0.0,0.0,44.0,0.0,0.0,0.0,0.0,0.0
M16 [Details of deaths reported with probable causes:],'16.7.14',Number of Adolscent / Adult deaths due to Causes not known,TOTAL,2571.0,2383.0,188.0,207.0,2364.0,538.0,538.0,0.0,0.0,538.0,589.0,401.0,188.0,193.0,396.0,323.0,323.0,0.0,0.0,323.0,588.0,588.0,0.0,0.0,588.0,313.0,313.0,0.0,0.0,313.0,220.0,220.0,0.0,14.0,206.0
M16 [Details of deaths reported with probable causes:],'16.8.1',Number of Deaths due to Malaria- Plasmodium Vivax,TOTAL,0.0,0.0,0.0,0.0,0.0,0.0,0.0,0.0,0.0,0.0,0.0,0.0,0.0,0.0,0.0,0.0,0.0,0.0,0.0,0.0,0.0,0.0,0.0,0.0,0.0,0.0,0.0,0.0,0.0,0.0,0.0,0.0,0.0,0.0,0.0
M16 [Details of deaths reported with probable causes:],'16.8.2',Number of Deaths due to Malaria- Plasmodium Falciparum,TOTAL,0.0,0.0,0.0,0.0,0.0,0.0,0.0,0.0,0.0,0.0,0.0,0.0,0.0,0.0,0.0,0.0,0.0,0.0,0.0,0.0,0.0,0.0,0.0,0.0,0.0,0.0,0.0,0.0,0.0,0.0,0.0,0.0,0.0,0.0,0.0
M16 [Details of deaths reported with probable causes:],'16.8.3',Number of Deaths due to Kala Azar,TOTAL,0.0,0.0,0.0,0.0,0.0,0.0,0.0,0.0,0.0,0.0,0.0,0.0,0.0,0.0,0.0,0.0,0.0,0.0,0.0,0.0,0.0,0.0,0.0,0.0,0.0,0.0,0.0,0.0,0.0,0.0,0.0,0.0,0.0,0.0,0.0
M16 [Details of deaths reported with probable causes:],'16.8.4',Number of Deaths due to Dengue,TOTAL,0.0,0.0,0.0,0.0,0.0,0.0,0.0,0.0,0.0,0.0,0.0,0.0,0.0,0.0,0.0,0.0,0.0,0.0,0.0,0.0,0.0,0.0,0.0,0.0,0.0,0.0,0.0,0.0,0.0,0.0,0.0,0.0,0.0,0.0,0.0
M16 [Details of deaths reported with probable causes:],'16.8.5',Number of Deaths due to Acute Encephelitis Syndrome (AES),TOTAL,0.0,0.0,0.0,0.0,0.0,0.0,0.0,0.0,0.0,0.0,0.0,0.0,0.0,0.0,0.0,0.0,0.0,0.0,0.0,0.0,0.0,0.0,0.0,0.0,0.0,0.0,0.0,0.0,0.0,0.0,0.0,0.0,0.0,0.0,0.0
M16 [Details of deaths reported with probable causes:],'16.8.6',Number of Deaths due to Japanese Encephalitis (JE),TOTAL,0.0,0.0,0.0,0.0,0.0,0.0,0.0,0.0,0.0,0.0,0.0,0.0,0.0,0.0,0.0,0.0,0.0,0.0,0.0,0.0,0.0,0.0,0.0,0.0,0.0,0.0,0.0,0.0,0.0,0.0,0.0,0.0,0.0,0.0,0.0
